age,job,marital,education,default,balance,housing,loan,contact,day,month,duration,campaign,pdays,previous,poutcome
31,admin.,divorced,secondary,no,2980,no,no,cellular,20,apr,930,4,292,2,other
55,unknown,married,primary,no,159,no,no,unknown,4,sep,15,1,-1,0,unknown
37,services,married,secondary,no,345,yes,yes,cellular,16,apr,114,1,148,1,failure
29,technician,single,secondary,no,778,yes,no,unknown,6,jun,1994,2,-1,0,unknown
33,management,single,tertiary,no,171,yes,no,cellular,17,jul,71,1,-1,0,unknown
32,services,single,secondary,no,358,yes,no,unknown,16,may,1144,3,-1,0,unknown
33,management,single,tertiary,no,8038,yes,no,cellular,19,nov,60,1,-1,0,unknown
48,blue-collar,married,secondary,no,291,yes,no,cellular,23,jul,448,2,-1,0,unknown
48,technician,divorced,secondary,no,168,yes,yes,cellular,15,may,100,2,361,1,other
41,management,married,tertiary,no,526,yes,no,cellular,15,may,229,5,268,4,failure
31,management,single,tertiary,no,-446,no,no,cellular,19,aug,156,4,-1,0,unknown
32,blue-collar,married,primary,no,474,yes,no,cellular,20,apr,198,1,-1,0,unknown
28,admin.,single,secondary,no,177,yes,yes,cellular,6,may,150,1,-1,0,unknown
32,blue-collar,single,secondary,no,1036,yes,yes,unknown,30,may,62,2,-1,0,unknown
34,entrepreneur,married,secondary,no,183,yes,no,cellular,15,may,339,4,-1,0,unknown
46,blue-collar,married,secondary,no,84,yes,no,unknown,15,may,49,1,-1,0,unknown
51,management,married,tertiary,no,1392,no,no,cellular,7,jul,511,3,-1,0,unknown
30,management,single,tertiary,no,1269,no,no,cellular,28,may,361,2,-1,0,unknown
26,admin.,single,tertiary,no,760,yes,no,cellular,4,mar,456,2,281,5,success
31,blue-collar,married,secondary,no,-13,yes,no,unknown,9,may,260,3,-1,0,unknown
56,management,divorced,tertiary,no,310,no,no,unknown,20,jun,75,4,-1,0,unknown
31,technician,single,secondary,no,591,yes,yes,cellular,15,may,14,5,-1,0,unknown
41,blue-collar,divorced,secondary,no,-333,yes,no,cellular,30,jan,118,3,270,2,failure
28,management,single,tertiary,no,466,yes,no,cellular,23,jul,170,2,-1,0,unknown
60,technician,married,primary,no,65,yes,no,unknown,9,may,1028,2,-1,0,unknown
48,entrepreneur,married,secondary,no,725,no,yes,cellular,10,jul,105,1,-1,0,unknown
35,technician,married,secondary,no,433,no,no,cellular,28,aug,14,16,-1,0,unknown
51,technician,divorced,secondary,no,1096,no,no,cellular,3,feb,138,1,-1,0,unknown
30,unemployed,single,primary,no,15261,no,no,cellular,9,feb,43,5,-1,0,unknown
45,technician,married,secondary,no,1240,no,no,cellular,7,may,269,2,-1,0,unknown
33,technician,single,tertiary,no,172,no,no,unknown,7,jun,13,1,-1,0,unknown
43,self-employed,married,secondary,no,634,yes,no,cellular,17,nov,65,1,131,1,failure
40,admin.,married,secondary,no,1313,yes,no,cellular,4,may,171,4,-1,0,unknown
39,management,single,tertiary,no,406,yes,no,unknown,7,may,68,1,-1,0,unknown
50,entrepreneur,married,tertiary,no,-52,yes,no,unknown,14,may,166,4,-1,0,unknown
53,self-employed,married,tertiary,no,2580,yes,no,cellular,19,nov,138,5,-1,0,unknown
56,management,married,secondary,no,2811,no,no,cellular,21,nov,150,2,-1,0,unknown
59,self-employed,married,secondary,no,1986,no,no,unknown,11,jun,139,1,-1,0,unknown
29,admin.,single,secondary,no,-37,yes,no,cellular,8,jul,21,35,-1,0,unknown
39,services,single,secondary,no,7066,yes,no,cellular,15,may,667,3,357,3,other
32,blue-collar,married,primary,no,885,yes,no,unknown,21,may,127,2,-1,0,unknown
47,technician,married,secondary,no,826,yes,no,telephone,18,nov,195,3,112,8,other
43,services,divorced,tertiary,no,2279,no,yes,unknown,26,jun,344,1,-1,0,unknown
34,blue-collar,married,secondary,no,298,yes,no,unknown,15,may,182,1,-1,0,unknown
37,management,married,tertiary,no,566,no,no,cellular,25,aug,463,4,-1,0,unknown
28,blue-collar,single,secondary,no,1348,yes,no,cellular,6,aug,221,2,-1,0,unknown
59,admin.,married,secondary,no,506,yes,no,cellular,13,may,281,1,-1,0,unknown
58,technician,married,secondary,no,0,yes,no,cellular,5,feb,1823,1,205,1,failure
40,management,married,tertiary,no,-65,no,yes,cellular,21,jul,65,2,-1,0,unknown
46,blue-collar,married,primary,no,328,yes,no,unknown,21,may,526,8,-1,0,unknown
38,technician,divorced,tertiary,no,465,no,yes,cellular,28,jul,30,3,-1,0,unknown
40,admin.,single,tertiary,no,1005,yes,no,cellular,21,jul,449,1,-1,0,unknown
43,services,married,secondary,no,774,no,no,cellular,25,mar,101,1,421,1,success
49,housemaid,married,primary,no,57,no,yes,unknown,25,jun,151,1,-1,0,unknown
29,admin.,single,secondary,no,2768,yes,no,cellular,29,jan,69,1,241,4,failure
57,blue-collar,married,primary,yes,0,yes,no,unknown,12,may,73,3,-1,0,unknown
33,management,single,tertiary,no,0,no,no,telephone,5,jun,109,1,-1,0,unknown
50,technician,divorced,secondary,no,376,no,no,cellular,27,aug,142,3,-1,0,unknown
33,management,single,tertiary,no,1431,no,no,cellular,30,apr,94,1,85,2,failure
42,technician,married,secondary,no,300,yes,no,cellular,19,nov,76,1,-1,0,unknown
59,housemaid,divorced,primary,yes,0,no,yes,cellular,25,jul,1368,2,-1,0,unknown
59,retired,married,primary,no,-182,no,yes,cellular,25,jul,153,1,-1,0,unknown
29,services,married,secondary,no,1135,yes,no,cellular,26,may,407,2,98,1,success
39,management,married,tertiary,no,1795,no,no,cellular,8,aug,922,7,-1,0,unknown
42,services,divorced,secondary,no,266,yes,yes,cellular,19,nov,97,1,-1,0,unknown
30,management,married,tertiary,no,4874,yes,no,cellular,25,aug,134,10,-1,0,unknown
33,admin.,divorced,secondary,no,661,yes,no,cellular,18,nov,411,1,173,2,other
44,management,married,tertiary,no,3603,yes,no,cellular,18,nov,198,1,-1,0,unknown
51,self-employed,divorced,tertiary,no,5244,no,no,unknown,17,jun,266,2,-1,0,unknown
28,admin.,single,secondary,no,460,yes,no,unknown,26,may,741,6,-1,0,unknown
59,management,married,secondary,no,32,no,no,telephone,10,jul,121,1,-1,0,unknown
36,self-employed,married,primary,no,161,no,no,cellular,21,aug,239,3,-1,0,unknown
46,management,married,tertiary,no,144,no,no,cellular,22,aug,79,4,-1,0,unknown
58,services,married,secondary,no,627,no,no,cellular,13,aug,110,4,-1,0,unknown
57,management,married,tertiary,no,9103,no,yes,unknown,20,jun,1098,2,-1,0,unknown
29,blue-collar,single,tertiary,no,98,no,no,cellular,10,aug,170,2,-1,0,unknown
41,technician,married,secondary,no,0,no,no,cellular,29,aug,141,2,-1,0,unknown
51,management,married,tertiary,no,7631,no,no,cellular,20,aug,896,8,-1,0,unknown
48,services,married,secondary,no,202,yes,no,cellular,5,aug,162,1,-1,0,unknown
50,blue-collar,married,primary,no,419,yes,no,unknown,13,may,116,4,-1,0,unknown
30,management,single,tertiary,no,398,no,no,cellular,24,apr,235,2,-1,0,unknown
42,admin.,married,unknown,no,642,yes,yes,unknown,16,may,509,2,-1,0,unknown
28,admin.,married,secondary,no,1119,yes,no,cellular,12,may,74,1,-1,0,unknown
41,retired,single,primary,no,2579,no,no,cellular,27,jul,235,1,287,1,failure
34,management,single,tertiary,no,9827,yes,no,cellular,13,aug,871,4,-1,0,unknown
93,retired,married,unknown,no,775,no,no,cellular,22,jul,860,2,177,7,success
30,services,single,secondary,no,484,yes,no,unknown,16,may,356,2,-1,0,unknown
31,technician,single,secondary,no,106,yes,no,cellular,8,may,94,1,-1,0,unknown
30,admin.,married,secondary,no,215,no,yes,cellular,4,jul,95,2,-1,0,unknown
53,technician,married,primary,no,311,no,no,telephone,28,jan,82,3,-1,0,unknown
31,management,married,tertiary,yes,-1038,yes,no,cellular,16,jul,255,2,-1,0,unknown
46,housemaid,married,primary,no,4064,no,no,unknown,20,jun,62,4,-1,0,unknown
49,admin.,married,tertiary,no,6574,no,no,cellular,8,jun,138,3,-1,0,unknown
23,management,single,tertiary,no,1506,no,no,cellular,9,mar,131,4,-1,0,unknown
71,retired,married,tertiary,no,14220,yes,no,cellular,9,sep,397,1,-1,0,unknown
29,admin.,married,secondary,no,453,yes,no,cellular,17,jul,384,4,-1,0,unknown
57,management,married,tertiary,no,1832,yes,no,cellular,2,nov,131,2,-1,0,unknown
41,blue-collar,married,primary,no,943,yes,no,unknown,29,may,242,3,-1,0,unknown
34,management,single,tertiary,no,747,no,no,cellular,31,aug,72,2,98,1,failure
49,housemaid,married,secondary,no,211,no,no,cellular,22,aug,220,2,-1,0,unknown
32,management,married,tertiary,no,9214,no,yes,unknown,18,oct,71,1,-1,0,unknown
34,blue-collar,married,secondary,no,360,yes,no,telephone,19,nov,46,1,182,2,failure
25,services,single,secondary,no,55,yes,yes,unknown,28,may,217,1,-1,0,unknown
51,blue-collar,married,primary,no,-11,no,no,telephone,16,jul,126,4,-1,0,unknown
41,management,single,tertiary,no,256,yes,no,unknown,3,jun,140,6,-1,0,unknown
41,admin.,single,tertiary,no,982,no,no,cellular,23,jul,105,1,-1,0,unknown
62,self-employed,married,tertiary,no,3685,no,no,cellular,3,feb,181,3,-1,0,unknown
51,housemaid,married,primary,no,2499,no,no,unknown,12,jun,309,5,-1,0,unknown
56,retired,divorced,secondary,no,-166,no,yes,cellular,4,aug,370,2,-1,0,unknown
36,housemaid,married,primary,no,4324,yes,no,cellular,14,jul,565,4,-1,0,unknown
57,admin.,married,tertiary,no,9311,no,no,unknown,20,jun,485,3,-1,0,unknown
38,management,married,secondary,no,341,no,no,cellular,15,may,136,3,346,2,failure
27,blue-collar,single,secondary,no,3792,no,no,cellular,22,apr,279,2,-1,0,unknown
33,technician,single,secondary,no,313,yes,no,unknown,21,may,291,2,-1,0,unknown
35,management,married,tertiary,no,440,yes,no,unknown,20,may,110,1,-1,0,unknown
52,unemployed,married,secondary,no,94,no,no,cellular,30,apr,244,1,-1,0,unknown
33,technician,married,secondary,no,884,yes,no,unknown,23,may,271,1,-1,0,unknown
27,entrepreneur,single,tertiary,no,512,yes,yes,unknown,3,jun,220,1,-1,0,unknown
47,management,married,tertiary,no,2351,no,no,cellular,2,jun,163,2,84,1,success
45,self-employed,single,tertiary,no,1009,no,no,cellular,19,nov,125,2,-1,0,unknown
38,blue-collar,married,primary,no,2569,no,no,unknown,9,jun,172,1,-1,0,unknown
39,blue-collar,married,primary,no,2288,yes,no,cellular,15,may,265,1,-1,0,unknown
52,management,married,tertiary,no,967,no,no,cellular,25,aug,472,10,-1,0,unknown
28,management,single,tertiary,no,730,yes,no,cellular,26,aug,78,6,85,5,other
59,retired,married,secondary,no,444,yes,no,unknown,6,jun,137,1,-1,0,unknown
52,blue-collar,married,secondary,no,-519,yes,no,unknown,9,jun,442,8,-1,0,unknown
55,retired,married,secondary,no,2193,yes,yes,unknown,28,may,72,3,-1,0,unknown
51,management,divorced,tertiary,no,1937,yes,no,cellular,18,nov,185,4,152,11,other
37,housemaid,married,secondary,no,942,no,no,unknown,17,jun,79,1,-1,0,unknown
37,blue-collar,married,primary,no,1779,yes,no,unknown,20,jun,34,3,-1,0,unknown
27,technician,single,secondary,no,8,yes,no,unknown,20,may,777,3,-1,0,unknown
55,retired,married,secondary,no,18722,yes,no,unknown,12,may,128,2,-1,0,unknown
29,management,single,tertiary,no,475,no,no,cellular,29,jan,346,2,-1,0,unknown
52,entrepreneur,married,tertiary,yes,-2,no,no,cellular,18,nov,245,1,-1,0,unknown
54,housemaid,married,primary,no,3304,no,yes,cellular,25,jul,90,7,-1,0,unknown
32,management,married,tertiary,no,2667,yes,no,cellular,4,mar,251,1,181,4,failure
57,retired,married,primary,no,0,yes,no,cellular,6,aug,83,2,-1,0,unknown
45,blue-collar,married,primary,no,300,yes,no,cellular,29,jan,203,1,261,3,failure
40,management,married,tertiary,no,572,no,no,cellular,2,feb,133,3,5,2,other
41,retired,married,secondary,no,287,no,no,unknown,23,may,236,2,-1,0,unknown
26,technician,single,tertiary,no,1066,no,no,cellular,15,apr,200,1,-1,0,unknown
30,services,divorced,secondary,no,98,yes,no,unknown,7,may,155,1,-1,0,unknown
40,admin.,married,secondary,no,457,no,no,unknown,12,jul,9,1,-1,0,unknown
39,management,divorced,tertiary,no,1315,yes,no,cellular,19,nov,1337,4,126,1,failure
44,housemaid,divorced,secondary,no,653,no,no,cellular,17,nov,475,1,-1,0,unknown
36,management,divorced,tertiary,no,563,no,no,unknown,20,jun,10,4,-1,0,unknown
25,admin.,married,secondary,no,7,yes,yes,cellular,22,jul,209,3,-1,0,unknown
47,technician,divorced,secondary,no,32,no,yes,cellular,26,aug,137,2,-1,0,unknown
59,retired,married,primary,no,2722,no,no,unknown,16,jun,145,1,-1,0,unknown
43,blue-collar,married,primary,no,-101,yes,no,unknown,14,may,122,4,-1,0,unknown
43,management,married,tertiary,no,228,no,no,cellular,28,aug,47,18,-1,0,unknown
53,technician,married,secondary,no,137,no,yes,cellular,18,nov,52,1,176,1,failure
47,technician,married,secondary,no,503,yes,no,unknown,6,may,109,2,-1,0,unknown
44,blue-collar,married,secondary,no,215,no,yes,cellular,28,jul,180,5,-1,0,unknown
39,self-employed,single,tertiary,no,1132,yes,no,unknown,3,jun,216,1,-1,0,unknown
43,entrepreneur,divorced,tertiary,no,626,yes,no,cellular,28,jan,72,1,167,2,failure
52,blue-collar,single,secondary,no,-477,no,no,cellular,31,jul,37,4,-1,0,unknown
41,self-employed,married,secondary,no,2812,yes,no,unknown,3,jun,447,1,-1,0,unknown
65,retired,married,primary,no,1343,no,no,telephone,2,feb,468,2,-1,0,unknown
30,management,single,tertiary,no,2,no,no,cellular,16,jun,102,1,85,1,failure
46,management,married,secondary,no,0,no,no,telephone,25,aug,67,10,-1,0,unknown
57,blue-collar,married,primary,no,93,yes,no,telephone,17,apr,137,1,-1,0,unknown
53,management,married,tertiary,yes,-252,no,yes,cellular,24,jul,223,2,-1,0,unknown
23,admin.,single,secondary,no,4681,yes,no,unknown,28,may,507,2,-1,0,unknown
30,blue-collar,single,unknown,no,-570,yes,no,cellular,31,jul,12,22,-1,0,unknown
28,student,single,secondary,no,11555,no,no,cellular,8,apr,125,2,-1,0,unknown
38,self-employed,single,tertiary,no,917,yes,no,unknown,23,may,260,1,-1,0,unknown
60,housemaid,married,secondary,no,5,no,no,cellular,14,aug,433,5,-1,0,unknown
39,entrepreneur,married,tertiary,yes,-172,yes,no,cellular,15,may,562,2,-1,0,unknown
40,management,divorced,tertiary,no,-319,yes,no,unknown,23,may,59,3,-1,0,unknown
31,blue-collar,single,secondary,no,239,yes,no,cellular,18,may,666,1,360,1,success
26,technician,single,tertiary,no,2781,yes,no,cellular,30,apr,132,1,-1,0,unknown
29,self-employed,married,tertiary,yes,-1083,yes,no,unknown,4,jun,139,2,-1,0,unknown
30,blue-collar,single,secondary,no,411,no,no,cellular,25,may,115,1,-1,0,unknown
31,entrepreneur,single,unknown,no,301,yes,no,cellular,4,feb,371,1,-1,0,unknown
49,management,divorced,tertiary,no,651,no,yes,cellular,6,aug,79,3,-1,0,unknown
25,student,single,secondary,no,2354,no,no,cellular,5,feb,226,7,-1,0,unknown
46,technician,married,secondary,no,416,yes,yes,cellular,23,jul,361,3,-1,0,unknown
42,management,married,tertiary,no,0,yes,no,cellular,9,jul,98,1,-1,0,unknown
60,management,married,tertiary,no,3387,no,no,cellular,14,aug,636,2,-1,0,unknown
36,management,married,tertiary,no,-92,no,yes,cellular,18,nov,196,3,-1,0,unknown
29,entrepreneur,single,tertiary,no,135,yes,no,cellular,12,may,245,1,356,1,failure
35,unemployed,single,secondary,no,295,no,no,unknown,17,mar,473,1,-1,0,unknown
28,blue-collar,single,primary,no,150,no,yes,cellular,9,jul,112,2,-1,0,unknown
38,technician,single,tertiary,no,69,yes,no,cellular,13,may,253,3,-1,0,unknown
30,services,divorced,secondary,no,1016,yes,no,unknown,29,may,14,1,-1,0,unknown
26,technician,single,secondary,no,68,no,yes,cellular,8,jul,141,3,-1,0,unknown
34,admin.,single,secondary,no,745,yes,yes,cellular,25,aug,76,1,-1,0,unknown
32,management,married,tertiary,no,2737,yes,yes,unknown,23,may,38,1,-1,0,unknown
35,admin.,single,tertiary,no,62,no,yes,cellular,30,apr,67,1,-1,0,unknown
35,blue-collar,married,primary,no,22,yes,no,cellular,15,may,1190,2,302,2,other
22,student,single,unknown,no,1,no,no,telephone,15,jun,263,4,-1,0,unknown
28,management,single,secondary,no,703,yes,no,cellular,15,may,485,1,88,1,other
30,student,single,secondary,no,336,no,no,cellular,29,jan,67,1,-1,0,unknown
42,management,single,tertiary,no,759,no,yes,cellular,28,aug,105,6,-1,0,unknown
43,management,divorced,tertiary,no,1,yes,yes,unknown,2,jun,28,8,-1,0,unknown
35,services,single,primary,no,167,no,yes,cellular,11,jul,614,2,-1,0,unknown
39,admin.,single,secondary,no,4917,yes,yes,cellular,6,may,26,1,-1,0,unknown
38,admin.,single,secondary,no,648,yes,no,cellular,6,feb,101,2,-1,0,unknown
30,technician,single,secondary,no,1395,yes,no,cellular,15,may,199,2,354,1,failure
31,blue-collar,single,secondary,no,823,yes,yes,cellular,7,apr,208,1,-1,0,unknown
41,self-employed,married,secondary,no,305,yes,no,cellular,13,may,174,2,-1,0,unknown
25,management,married,secondary,no,2228,yes,no,cellular,23,jul,754,1,-1,0,unknown
35,blue-collar,married,primary,no,3468,yes,no,unknown,21,may,72,3,-1,0,unknown
46,management,married,tertiary,no,1600,yes,yes,cellular,11,aug,1244,1,-1,0,unknown
35,technician,single,tertiary,no,122,no,no,cellular,20,apr,49,5,328,5,failure
58,unemployed,married,secondary,no,0,no,no,unknown,3,jul,84,1,-1,0,unknown
39,unknown,single,secondary,no,0,no,no,unknown,6,jun,188,1,-1,0,unknown
31,blue-collar,married,secondary,no,1533,yes,no,unknown,30,may,29,4,-1,0,unknown
39,blue-collar,divorced,secondary,no,412,no,no,unknown,28,may,210,1,-1,0,unknown
42,services,single,secondary,no,518,yes,no,unknown,6,may,198,1,-1,0,unknown
33,services,married,secondary,no,610,no,yes,cellular,19,aug,116,7,-1,0,unknown
27,management,single,tertiary,no,-69,yes,no,cellular,15,feb,205,3,-1,0,unknown
39,unemployed,single,secondary,no,804,no,no,cellular,21,dec,193,8,203,1,success
31,blue-collar,married,secondary,no,1766,no,yes,cellular,5,jun,166,2,-1,0,unknown
38,management,single,tertiary,no,619,yes,no,unknown,6,jun,460,4,-1,0,unknown
30,management,single,tertiary,no,265,no,no,cellular,25,nov,295,1,93,3,success
38,self-employed,married,secondary,no,581,yes,no,cellular,4,feb,281,5,-1,0,unknown
37,entrepreneur,married,tertiary,no,404,yes,no,cellular,28,jul,55,10,-1,0,unknown
39,management,married,secondary,no,46,yes,no,cellular,26,aug,298,10,-1,0,unknown
32,technician,single,secondary,no,303,no,no,cellular,14,aug,390,3,-1,0,unknown
55,retired,married,secondary,no,4194,no,yes,telephone,30,jul,208,3,-1,0,unknown
34,management,married,tertiary,no,415,no,yes,cellular,23,jul,361,2,-1,0,unknown
35,technician,married,secondary,no,0,yes,no,telephone,14,jul,167,4,-1,0,unknown
41,technician,married,secondary,no,871,yes,no,unknown,6,may,145,1,-1,0,unknown
39,unemployed,single,secondary,no,-114,yes,no,cellular,3,feb,372,1,-1,0,unknown
39,admin.,married,primary,no,0,no,no,cellular,17,nov,106,1,-1,0,unknown
32,blue-collar,married,secondary,no,-460,yes,yes,cellular,29,jan,131,2,206,6,other
57,retired,single,tertiary,no,842,no,no,cellular,13,aug,284,3,-1,0,unknown
37,admin.,divorced,secondary,no,3834,yes,no,unknown,21,may,72,1,-1,0,unknown
28,student,single,secondary,no,39,yes,no,cellular,20,apr,149,1,-1,0,unknown
43,technician,married,secondary,no,3049,no,no,cellular,28,jan,383,2,-1,0,unknown
48,entrepreneur,divorced,tertiary,no,3520,yes,no,cellular,20,nov,73,4,-1,0,unknown
59,retired,married,secondary,no,11,no,no,cellular,20,nov,318,2,-1,0,unknown
42,management,married,tertiary,no,2819,yes,no,cellular,18,nov,149,2,-1,0,unknown
47,management,married,primary,no,2793,yes,no,telephone,25,jul,102,4,-1,0,unknown
30,admin.,married,secondary,no,214,yes,yes,unknown,26,may,219,1,-1,0,unknown
37,management,married,tertiary,no,255,no,no,cellular,24,feb,562,2,183,10,success
41,housemaid,married,secondary,no,0,yes,no,telephone,28,jul,41,2,-1,0,unknown
56,management,married,primary,no,31,yes,no,cellular,12,may,215,2,-1,0,unknown
52,services,married,tertiary,no,2801,yes,yes,unknown,17,jun,311,2,-1,0,unknown
33,blue-collar,married,secondary,no,-409,yes,no,unknown,3,jun,235,3,-1,0,unknown
36,services,married,secondary,no,3064,yes,no,telephone,11,may,1143,4,-1,0,unknown
41,management,married,tertiary,no,6204,no,yes,unknown,11,jun,148,2,-1,0,unknown
50,technician,married,secondary,no,669,yes,no,unknown,2,jun,88,1,-1,0,unknown
47,technician,married,secondary,no,302,yes,no,unknown,20,jun,89,3,-1,0,unknown
32,management,married,tertiary,no,1522,yes,no,unknown,23,may,302,3,-1,0,unknown
35,unemployed,married,tertiary,no,-94,yes,no,cellular,18,jul,354,1,-1,0,unknown
27,technician,single,secondary,no,155,yes,no,cellular,18,may,26,4,-1,0,unknown
53,entrepreneur,divorced,unknown,no,4736,yes,no,unknown,3,jun,676,5,-1,0,unknown
45,blue-collar,married,primary,no,0,no,no,cellular,26,aug,454,2,-1,0,unknown
42,technician,divorced,secondary,no,19,no,no,cellular,20,aug,875,4,-1,0,unknown
23,blue-collar,single,secondary,no,214,yes,no,unknown,28,may,44,1,-1,0,unknown
31,admin.,single,tertiary,no,-194,no,no,unknown,21,may,165,2,-1,0,unknown
33,management,single,tertiary,no,153,yes,no,cellular,2,feb,405,1,-1,0,unknown
48,services,married,secondary,no,2877,yes,no,unknown,3,jun,157,1,-1,0,unknown
31,admin.,single,secondary,no,738,yes,no,cellular,18,jul,381,1,-1,0,unknown
38,services,divorced,secondary,no,49,yes,no,cellular,18,may,43,1,367,2,success
51,housemaid,married,unknown,no,174,no,no,telephone,29,jul,308,3,-1,0,unknown
54,management,married,tertiary,no,0,no,no,cellular,5,aug,214,3,-1,0,unknown
34,blue-collar,married,secondary,yes,-745,yes,yes,cellular,11,jul,131,2,-1,0,unknown
48,admin.,divorced,secondary,no,955,yes,no,cellular,4,feb,108,2,265,3,other
48,management,married,tertiary,no,879,no,no,cellular,19,nov,136,3,-1,0,unknown
56,entrepreneur,divorced,primary,no,29,no,no,cellular,29,jan,52,2,227,1,failure
45,management,single,tertiary,no,451,no,no,unknown,17,jun,881,1,-1,0,unknown
55,technician,married,secondary,no,3899,yes,no,telephone,28,jul,596,4,-1,0,unknown
38,self-employed,single,secondary,no,1146,yes,no,unknown,21,may,91,2,-1,0,unknown
82,housemaid,married,primary,no,2140,no,no,telephone,14,apr,118,6,-1,0,unknown
38,technician,married,secondary,no,976,yes,no,cellular,18,may,32,8,308,3,success
26,admin.,married,secondary,no,-401,yes,yes,unknown,4,jul,246,1,-1,0,unknown
39,housemaid,married,primary,no,0,yes,no,telephone,16,jul,129,6,-1,0,unknown
41,entrepreneur,married,tertiary,no,1065,yes,yes,unknown,29,may,553,1,-1,0,unknown
54,blue-collar,married,secondary,no,1288,yes,no,unknown,14,may,170,1,-1,0,unknown
35,management,divorced,tertiary,no,178,yes,no,unknown,23,may,703,2,-1,0,unknown
33,management,married,tertiary,no,113,yes,no,unknown,5,jun,101,11,-1,0,unknown
39,blue-collar,single,primary,no,1790,yes,no,unknown,4,jun,229,6,-1,0,unknown
53,management,married,tertiary,no,4928,yes,no,unknown,15,may,738,7,-1,0,unknown
47,admin.,married,secondary,no,1358,yes,no,cellular,14,may,80,4,-1,0,unknown
35,management,single,tertiary,no,3140,no,no,unknown,12,jun,130,3,-1,0,unknown
57,retired,divorced,tertiary,no,734,no,no,cellular,6,aug,1357,4,-1,0,unknown
51,blue-collar,married,primary,no,202,yes,no,unknown,8,may,200,2,-1,0,unknown
50,blue-collar,married,secondary,no,2719,yes,no,cellular,14,may,97,2,-1,0,unknown
35,unemployed,married,secondary,no,533,yes,no,unknown,6,may,802,1,-1,0,unknown
39,technician,married,secondary,no,394,no,no,cellular,11,aug,218,2,-1,0,unknown
31,management,married,tertiary,no,0,yes,no,cellular,18,nov,47,1,-1,0,unknown
39,housemaid,divorced,secondary,yes,127,no,no,unknown,20,jun,150,2,-1,0,unknown
38,management,single,tertiary,no,93,yes,yes,unknown,16,jun,394,3,-1,0,unknown
42,technician,married,secondary,no,122,yes,no,cellular,6,may,74,2,-1,0,unknown
25,student,single,secondary,no,963,yes,no,cellular,17,jul,28,1,-1,0,unknown
28,technician,married,tertiary,no,107,yes,no,cellular,29,jul,122,13,-1,0,unknown
39,technician,married,secondary,no,211,no,no,telephone,6,feb,53,2,-1,0,unknown
60,services,single,primary,no,313,yes,no,unknown,15,may,920,2,-1,0,unknown
50,technician,married,secondary,no,156,no,yes,cellular,14,jul,1130,3,-1,0,unknown
58,retired,married,primary,no,3401,yes,no,cellular,3,feb,84,3,265,2,failure
53,blue-collar,divorced,primary,no,-1,yes,no,cellular,2,feb,138,3,5,1,other
43,blue-collar,married,secondary,no,597,yes,no,cellular,2,feb,87,1,263,1,failure
46,management,married,secondary,no,1306,yes,no,telephone,17,nov,155,1,-1,0,unknown
34,admin.,married,secondary,no,16489,yes,no,cellular,20,nov,145,1,-1,0,unknown
32,technician,single,secondary,no,5205,no,no,cellular,20,nov,352,1,-1,0,unknown
52,management,married,tertiary,no,1564,yes,no,cellular,17,jul,493,1,-1,0,unknown
39,technician,single,unknown,no,0,yes,no,unknown,7,may,130,1,-1,0,unknown
45,admin.,divorced,secondary,no,-288,no,yes,cellular,9,jul,192,2,-1,0,unknown
35,technician,married,secondary,no,14,yes,no,telephone,18,nov,23,1,-1,0,unknown
32,technician,married,secondary,no,79,yes,no,cellular,25,aug,417,4,-1,0,unknown
48,technician,married,secondary,no,93,no,no,cellular,24,jul,537,2,-1,0,unknown
55,management,married,tertiary,no,685,yes,no,unknown,5,may,174,3,-1,0,unknown
27,blue-collar,single,secondary,no,20,yes,no,cellular,15,may,175,1,364,3,other
51,services,married,secondary,no,53,no,yes,cellular,24,jul,192,1,-1,0,unknown
25,management,single,tertiary,no,362,no,no,cellular,3,jun,617,2,-1,0,unknown
28,student,married,tertiary,no,803,yes,no,cellular,25,may,324,1,-1,0,unknown
52,management,married,tertiary,no,-542,no,no,cellular,28,aug,80,2,-1,0,unknown
29,management,married,tertiary,no,10576,no,no,unknown,15,may,1224,2,-1,0,unknown
28,unemployed,married,primary,no,7459,yes,no,cellular,2,feb,981,5,269,2,failure
38,blue-collar,married,secondary,no,961,yes,no,unknown,16,may,346,1,-1,0,unknown
35,admin.,single,secondary,no,663,yes,no,cellular,2,apr,359,3,-1,0,unknown
50,blue-collar,married,primary,no,216,yes,no,cellular,17,jul,195,3,-1,0,unknown
38,blue-collar,married,secondary,no,-152,no,no,unknown,20,may,100,1,-1,0,unknown
28,management,single,tertiary,no,1252,yes,yes,cellular,8,jul,319,4,-1,0,unknown
38,admin.,married,tertiary,no,1988,no,no,cellular,27,mar,164,2,130,2,failure
55,entrepreneur,married,tertiary,no,625,no,no,telephone,20,nov,88,2,147,4,failure
38,admin.,single,secondary,no,-327,no,no,cellular,22,jul,345,5,-1,0,unknown
41,management,married,tertiary,no,1897,yes,no,unknown,19,may,335,3,-1,0,unknown
54,management,married,secondary,no,2895,yes,no,cellular,9,feb,20,2,256,1,failure
51,blue-collar,married,primary,no,7098,no,no,cellular,6,aug,1471,7,-1,0,unknown
51,management,married,primary,no,192,no,no,unknown,18,jun,129,3,-1,0,unknown
32,technician,single,tertiary,no,705,yes,no,cellular,25,may,414,2,35,4,failure
33,technician,divorced,secondary,no,751,yes,no,cellular,18,nov,237,1,-1,0,unknown
55,management,divorced,unknown,no,0,yes,no,cellular,11,may,29,3,-1,0,unknown
48,management,married,tertiary,no,1167,yes,yes,cellular,26,jan,122,4,50,4,other
31,blue-collar,married,primary,no,1738,no,no,telephone,5,feb,895,3,-1,0,unknown
24,student,single,secondary,no,304,no,no,unknown,9,may,180,3,-1,0,unknown
54,blue-collar,married,secondary,no,5372,yes,no,telephone,3,feb,221,2,-1,0,unknown
49,management,married,tertiary,no,-151,yes,no,unknown,29,may,119,2,-1,0,unknown
39,housemaid,married,primary,no,4899,no,no,unknown,20,jun,394,2,-1,0,unknown
38,technician,divorced,secondary,no,1333,yes,yes,unknown,28,may,188,1,-1,0,unknown
57,retired,married,primary,no,243,no,no,cellular,8,aug,108,4,-1,0,unknown
28,management,single,tertiary,no,6321,yes,no,unknown,2,jun,204,5,-1,0,unknown
28,unemployed,single,secondary,no,304,no,no,cellular,14,jun,516,1,-1,0,unknown
32,admin.,single,secondary,no,184,yes,no,unknown,8,may,230,4,-1,0,unknown
26,admin.,single,secondary,no,140,yes,no,cellular,15,may,103,5,-1,0,unknown
38,management,married,secondary,no,3840,yes,yes,cellular,17,nov,62,1,-1,0,unknown
34,technician,married,secondary,no,357,yes,no,cellular,28,jul,25,20,-1,0,unknown
74,retired,married,tertiary,no,1843,no,no,cellular,15,sep,251,2,184,3,success
48,blue-collar,married,primary,no,1757,yes,no,unknown,15,may,90,1,-1,0,unknown
26,services,single,secondary,no,531,yes,yes,cellular,6,feb,184,1,-1,0,unknown
37,technician,divorced,secondary,no,79,no,no,cellular,21,jul,191,1,-1,0,unknown
57,blue-collar,married,primary,no,679,yes,no,unknown,6,jun,78,3,-1,0,unknown
62,technician,married,secondary,no,973,no,no,cellular,2,feb,326,1,-1,0,unknown
36,services,married,secondary,no,3064,yes,no,telephone,26,aug,240,3,107,4,failure
25,services,single,secondary,no,-41,no,yes,cellular,14,jul,114,2,-1,0,unknown
46,unknown,married,unknown,no,300,yes,no,unknown,16,may,323,3,-1,0,unknown
55,unemployed,married,tertiary,no,5345,no,no,unknown,6,may,278,1,-1,0,unknown
45,technician,married,tertiary,no,2699,yes,no,cellular,29,jun,264,4,-1,0,unknown
46,admin.,single,secondary,no,148,yes,no,cellular,5,may,85,4,-1,0,unknown
26,blue-collar,married,secondary,no,697,yes,no,cellular,18,may,253,2,-1,0,unknown
33,technician,single,secondary,no,151,yes,no,cellular,20,apr,104,3,236,6,failure
51,blue-collar,married,primary,no,111,yes,no,unknown,14,may,140,1,-1,0,unknown
56,management,married,secondary,no,208,no,yes,telephone,31,jul,84,6,-1,0,unknown
36,management,married,tertiary,no,926,no,no,cellular,14,apr,216,1,-1,0,unknown
28,self-employed,single,tertiary,no,442,no,no,cellular,19,jun,474,3,95,3,other
32,technician,divorced,secondary,no,2870,no,no,cellular,18,aug,91,4,-1,0,unknown
86,retired,divorced,primary,no,0,no,no,telephone,26,aug,189,1,-1,0,unknown
50,entrepreneur,married,tertiary,no,2442,no,no,cellular,3,feb,145,1,-1,0,unknown
55,admin.,single,secondary,yes,986,no,yes,cellular,2,feb,12,3,-1,0,unknown
59,retired,married,secondary,no,2516,yes,yes,unknown,14,may,282,1,-1,0,unknown
34,services,divorced,secondary,no,169,yes,no,unknown,16,may,260,1,-1,0,unknown
32,management,married,tertiary,no,101,yes,yes,cellular,20,apr,383,1,-1,0,unknown
32,self-employed,married,primary,no,102,yes,no,cellular,18,jul,560,1,-1,0,unknown
45,technician,divorced,secondary,no,146,no,no,cellular,8,jul,216,1,-1,0,unknown
26,management,single,tertiary,no,362,no,no,cellular,15,sep,925,1,104,2,success
54,technician,married,tertiary,no,758,yes,yes,cellular,8,jul,554,1,-1,0,unknown
32,management,single,tertiary,no,312,no,no,cellular,26,may,208,2,98,2,success
28,services,single,tertiary,no,2938,yes,no,cellular,23,jul,184,2,-1,0,unknown
37,unknown,single,tertiary,no,0,no,no,cellular,3,mar,426,1,-1,0,unknown
37,entrepreneur,married,tertiary,no,264,yes,yes,unknown,16,jun,220,1,-1,0,unknown
33,housemaid,married,primary,no,580,no,no,cellular,6,aug,209,2,-1,0,unknown
47,services,married,secondary,no,3333,yes,yes,cellular,29,jul,114,2,-1,0,unknown
72,retired,married,tertiary,no,3561,no,no,telephone,15,sep,511,3,184,7,success
35,entrepreneur,married,primary,no,0,no,yes,telephone,21,nov,26,10,-1,0,unknown
41,blue-collar,single,secondary,no,1564,yes,no,cellular,12,may,493,10,362,1,other
32,technician,married,secondary,no,268,yes,yes,cellular,22,jul,102,5,-1,0,unknown
38,management,married,tertiary,yes,-1007,yes,yes,unknown,19,jun,71,1,-1,0,unknown
33,technician,married,unknown,no,1450,no,no,cellular,27,apr,81,1,-1,0,unknown
45,management,married,tertiary,no,655,no,no,unknown,20,jun,693,3,-1,0,unknown
58,retired,married,primary,no,2074,no,no,cellular,18,jun,259,2,-1,0,unknown
50,management,married,unknown,no,0,no,no,cellular,9,jul,99,2,-1,0,unknown
26,management,single,tertiary,no,1592,no,no,cellular,6,oct,604,2,485,5,other
58,management,single,tertiary,no,342,no,yes,cellular,11,jul,564,2,-1,0,unknown
31,services,married,secondary,no,2083,yes,no,cellular,4,may,190,3,355,2,other
25,blue-collar,single,secondary,no,1429,yes,no,unknown,29,may,187,3,-1,0,unknown
49,management,married,tertiary,no,7007,no,no,cellular,17,nov,325,2,-1,0,unknown
31,technician,divorced,secondary,no,0,yes,no,telephone,18,nov,194,2,-1,0,unknown
27,student,single,tertiary,no,5291,no,no,cellular,12,nov,192,2,92,2,failure
48,management,married,tertiary,no,4852,no,no,cellular,26,aug,41,11,-1,0,unknown
51,housemaid,divorced,primary,no,3982,no,no,unknown,9,jun,23,1,-1,0,unknown
41,technician,married,secondary,no,1032,yes,no,cellular,21,aug,64,2,-1,0,unknown
41,technician,single,unknown,no,356,yes,no,unknown,13,may,93,2,-1,0,unknown
23,admin.,single,tertiary,no,314,no,yes,cellular,8,apr,142,4,-1,0,unknown
35,technician,divorced,secondary,no,48,yes,no,cellular,17,apr,73,1,-1,0,unknown
26,self-employed,single,secondary,no,467,yes,yes,unknown,4,jun,90,2,-1,0,unknown
59,retired,divorced,tertiary,no,1197,yes,no,unknown,9,jun,329,4,-1,0,unknown
45,technician,married,secondary,no,34,no,no,cellular,26,aug,333,4,-1,0,unknown
32,services,divorced,secondary,no,41,yes,no,cellular,3,feb,251,4,187,11,other
29,blue-collar,single,secondary,no,13654,yes,yes,cellular,16,apr,528,1,-1,0,unknown
55,management,married,secondary,no,0,yes,no,unknown,13,may,309,2,-1,0,unknown
51,management,married,tertiary,no,0,yes,yes,unknown,29,may,410,5,-1,0,unknown
49,blue-collar,married,primary,no,154,yes,no,cellular,18,aug,26,15,-1,0,unknown
52,services,married,primary,no,1625,no,no,cellular,8,aug,459,2,-1,0,unknown
37,management,married,tertiary,no,3236,no,no,cellular,20,may,291,2,202,5,other
39,blue-collar,single,secondary,no,16917,no,no,unknown,11,jun,129,6,-1,0,unknown
37,technician,divorced,secondary,no,0,yes,no,cellular,16,jul,46,1,-1,0,unknown
60,retired,divorced,tertiary,no,979,yes,no,cellular,15,jan,295,3,347,1,failure
47,technician,married,secondary,no,0,no,no,cellular,19,aug,210,2,-1,0,unknown
53,technician,married,secondary,no,-3,no,no,unknown,5,may,1666,1,-1,0,unknown
38,self-employed,divorced,secondary,no,2674,yes,no,unknown,19,jun,163,2,-1,0,unknown
37,entrepreneur,married,primary,no,8,yes,yes,cellular,16,jul,46,1,-1,0,unknown
34,technician,single,secondary,no,403,no,no,cellular,5,feb,319,2,-1,0,unknown
25,blue-collar,single,secondary,no,76,no,yes,cellular,28,jul,50,4,-1,0,unknown
42,unemployed,married,secondary,no,0,yes,no,unknown,20,jun,158,1,-1,0,unknown
50,technician,divorced,secondary,no,0,yes,no,cellular,14,may,109,3,92,3,failure
29,technician,single,tertiary,no,940,yes,no,cellular,15,may,757,1,330,1,failure
43,blue-collar,married,secondary,no,1109,yes,no,unknown,14,may,160,2,-1,0,unknown
34,management,married,tertiary,no,363,no,no,unknown,21,may,171,5,-1,0,unknown
29,technician,married,secondary,no,8,no,no,unknown,7,may,113,1,-1,0,unknown
41,blue-collar,married,primary,no,1820,yes,no,telephone,21,nov,25,3,-1,0,unknown
76,retired,divorced,primary,no,2693,no,no,cellular,21,oct,107,2,-1,0,unknown
34,services,married,secondary,no,-694,yes,no,unknown,26,may,62,1,-1,0,unknown
49,self-employed,married,tertiary,no,271,yes,no,cellular,18,aug,140,4,-1,0,unknown
41,management,married,tertiary,no,2665,yes,no,cellular,29,jan,112,1,183,10,other
30,management,single,tertiary,no,508,no,yes,cellular,19,nov,70,4,-1,0,unknown
39,management,married,tertiary,no,3590,no,no,cellular,8,aug,198,2,-1,0,unknown
42,services,single,tertiary,no,94,yes,no,cellular,11,aug,176,2,90,4,failure
37,blue-collar,married,secondary,no,1114,yes,yes,cellular,6,may,133,1,-1,0,unknown
32,unemployed,single,secondary,no,104,no,no,cellular,4,feb,233,3,-1,0,unknown
37,management,married,tertiary,no,216,yes,no,cellular,23,jul,408,3,-1,0,unknown
30,management,single,tertiary,no,3110,yes,no,unknown,20,may,133,1,-1,0,unknown
36,management,single,secondary,no,992,no,no,unknown,6,jun,351,1,-1,0,unknown
49,management,married,tertiary,no,3063,yes,no,cellular,18,may,68,2,-1,0,unknown
51,blue-collar,married,unknown,no,37,yes,no,unknown,7,may,256,6,-1,0,unknown
46,admin.,married,secondary,no,526,no,yes,cellular,31,jul,251,3,-1,0,unknown
36,admin.,married,secondary,no,1954,yes,yes,cellular,20,nov,158,2,174,3,failure
52,technician,married,tertiary,no,0,no,no,cellular,9,nov,467,3,92,7,failure
53,technician,married,secondary,no,65,no,no,cellular,25,aug,41,2,-1,0,unknown
43,blue-collar,married,primary,no,238,yes,yes,cellular,12,may,178,1,-1,0,unknown
40,blue-collar,single,unknown,no,4370,yes,no,unknown,14,may,232,2,-1,0,unknown
51,self-employed,married,primary,no,10,no,no,unknown,6,jun,513,3,-1,0,unknown
38,technician,married,secondary,no,6728,no,no,cellular,21,aug,252,4,-1,0,unknown
38,blue-collar,single,primary,no,1583,yes,no,cellular,15,may,386,1,-1,0,unknown
32,technician,married,secondary,no,169,yes,no,cellular,7,may,22,11,-1,0,unknown
29,student,single,tertiary,no,459,no,no,unknown,26,may,376,1,-1,0,unknown
52,unemployed,married,secondary,no,-307,no,no,cellular,5,feb,272,1,-1,0,unknown
42,blue-collar,married,secondary,no,2441,yes,no,unknown,30,may,143,1,-1,0,unknown
36,management,single,tertiary,no,13,no,yes,cellular,18,nov,106,1,-1,0,unknown
37,housemaid,married,primary,no,0,no,no,cellular,29,aug,17,12,-1,0,unknown
39,entrepreneur,married,secondary,no,156,no,yes,unknown,17,jun,76,2,-1,0,unknown
59,retired,married,secondary,no,5678,yes,no,unknown,14,may,238,2,-1,0,unknown
27,blue-collar,married,primary,no,202,no,yes,cellular,22,jul,41,1,-1,0,unknown
53,admin.,married,secondary,no,1796,no,no,telephone,15,dec,476,1,193,1,failure
38,admin.,single,secondary,no,-211,no,yes,cellular,31,jul,166,2,-1,0,unknown
51,services,married,secondary,no,434,no,no,cellular,5,aug,513,2,-1,0,unknown
59,management,married,secondary,no,42,no,no,cellular,21,nov,40,1,-1,0,unknown
43,services,single,secondary,no,-63,yes,no,cellular,18,may,92,3,374,1,other
33,services,married,tertiary,no,570,no,no,cellular,25,may,70,1,-1,0,unknown
32,management,single,tertiary,no,1962,no,no,cellular,13,jan,130,1,-1,0,unknown
35,admin.,married,primary,no,1994,no,no,cellular,9,jul,64,1,-1,0,unknown
42,technician,single,secondary,no,555,yes,no,cellular,5,feb,449,2,-1,0,unknown
34,services,married,secondary,no,295,yes,yes,cellular,4,jul,64,1,-1,0,unknown
34,entrepreneur,married,tertiary,no,1076,yes,no,cellular,4,may,1121,3,88,10,success
34,blue-collar,single,primary,no,79,no,no,telephone,10,jul,336,4,-1,0,unknown
37,management,single,tertiary,yes,45,yes,no,unknown,7,may,204,1,-1,0,unknown
42,blue-collar,married,secondary,no,0,yes,no,cellular,24,jul,149,2,-1,0,unknown
57,admin.,married,secondary,no,169,no,no,cellular,3,feb,369,1,-1,0,unknown
28,entrepreneur,married,secondary,no,422,yes,no,unknown,19,may,394,2,-1,0,unknown
48,technician,married,secondary,no,3069,no,no,cellular,4,aug,597,2,-1,0,unknown
41,blue-collar,divorced,secondary,no,14,yes,yes,unknown,13,may,65,6,-1,0,unknown
44,admin.,married,secondary,no,58544,yes,no,unknown,7,may,144,2,-1,0,unknown
27,technician,single,secondary,no,-437,no,no,cellular,4,feb,352,1,216,2,other
46,technician,married,secondary,no,388,no,no,cellular,4,feb,6,9,7,1,other
25,student,single,tertiary,no,-113,no,no,cellular,10,jul,300,3,-1,0,unknown
29,admin.,single,secondary,no,900,yes,no,unknown,14,may,339,1,-1,0,unknown
40,unemployed,single,tertiary,no,7968,no,no,cellular,3,sep,733,1,93,1,success
34,management,married,tertiary,no,6203,no,no,telephone,21,nov,34,2,-1,0,unknown
39,management,single,tertiary,no,0,yes,no,cellular,16,apr,81,2,-1,0,unknown
44,blue-collar,married,secondary,no,2885,yes,no,unknown,30,may,63,3,-1,0,unknown
36,blue-collar,married,secondary,no,21,yes,no,unknown,28,may,89,1,-1,0,unknown
31,blue-collar,single,secondary,no,609,yes,no,cellular,14,apr,1126,1,335,1,failure
50,retired,married,primary,no,172,yes,yes,cellular,15,may,7,6,-1,0,unknown
40,technician,married,secondary,no,826,no,no,unknown,24,feb,174,1,267,2,other
35,technician,married,secondary,no,3297,yes,no,cellular,29,jul,193,15,-1,0,unknown
34,management,single,tertiary,no,2205,no,no,cellular,14,aug,635,2,-1,0,unknown
38,housemaid,married,primary,no,3918,no,no,cellular,27,aug,101,3,-1,0,unknown
26,blue-collar,single,secondary,no,123,no,yes,cellular,7,jul,209,1,-1,0,unknown
30,technician,married,tertiary,no,569,no,no,cellular,27,aug,976,12,-1,0,unknown
31,blue-collar,married,secondary,no,664,yes,yes,unknown,21,may,987,3,-1,0,unknown
26,technician,married,secondary,no,370,no,yes,cellular,8,jul,1061,4,-1,0,unknown
49,admin.,married,secondary,no,197,yes,no,cellular,23,jul,125,1,101,3,success
43,self-employed,single,primary,no,1337,yes,yes,cellular,20,nov,632,2,-1,0,unknown
38,management,married,tertiary,no,425,yes,no,cellular,17,nov,240,1,181,1,failure
70,retired,married,secondary,no,1310,no,no,cellular,14,apr,318,1,181,1,failure
60,admin.,divorced,secondary,no,0,no,yes,telephone,16,jul,357,7,-1,0,unknown
32,technician,single,tertiary,no,34646,no,no,telephone,13,aug,618,9,-1,0,unknown
35,entrepreneur,single,secondary,no,866,yes,no,cellular,19,nov,147,1,-1,0,unknown
31,admin.,single,secondary,no,78,no,no,unknown,20,may,572,1,-1,0,unknown
38,housemaid,married,secondary,no,634,no,no,unknown,11,jun,105,4,-1,0,unknown
40,services,married,secondary,no,446,yes,no,unknown,16,may,1252,1,-1,0,unknown
68,retired,divorced,primary,no,250,no,no,cellular,3,feb,360,1,-1,0,unknown
32,management,single,tertiary,no,154,no,yes,cellular,21,aug,301,3,-1,0,unknown
44,management,married,tertiary,no,612,yes,no,unknown,29,may,88,2,-1,0,unknown
35,management,married,tertiary,no,810,no,no,unknown,11,jun,124,4,-1,0,unknown
32,services,married,secondary,no,206,yes,yes,unknown,12,may,370,1,-1,0,unknown
31,services,single,secondary,no,2963,yes,no,unknown,12,may,124,1,-1,0,unknown
32,management,single,tertiary,no,0,no,no,cellular,27,aug,121,2,-1,0,unknown
55,management,married,tertiary,no,6880,no,no,cellular,8,aug,353,2,-1,0,unknown
32,management,single,tertiary,no,935,no,no,cellular,10,aug,161,2,375,5,failure
51,admin.,single,secondary,no,2130,yes,no,telephone,28,jul,126,8,-1,0,unknown
45,retired,divorced,secondary,no,187,yes,no,cellular,11,may,82,2,-1,0,unknown
44,services,married,secondary,no,0,yes,yes,cellular,11,may,161,1,-1,0,unknown
47,blue-collar,divorced,primary,no,1927,yes,no,cellular,5,feb,130,4,275,3,failure
31,self-employed,married,tertiary,no,168,no,no,cellular,4,feb,193,2,-1,0,unknown
49,blue-collar,married,unknown,no,403,yes,no,unknown,5,may,241,2,-1,0,unknown
33,entrepreneur,married,primary,no,82,yes,no,cellular,18,nov,63,2,-1,0,unknown
44,management,married,tertiary,no,1383,no,no,cellular,22,aug,243,12,-1,0,unknown
50,management,married,tertiary,no,1396,no,no,cellular,25,aug,731,6,-1,0,unknown
33,technician,single,tertiary,no,469,no,no,cellular,26,aug,158,9,-1,0,unknown
29,services,single,secondary,no,-251,no,no,cellular,25,jul,98,1,-1,0,unknown
36,management,single,tertiary,no,62,yes,no,cellular,3,nov,566,1,182,7,failure
33,management,divorced,tertiary,no,2695,yes,no,cellular,12,aug,711,3,-1,0,unknown
24,management,single,tertiary,no,66,yes,no,unknown,26,may,109,2,-1,0,unknown
31,blue-collar,single,secondary,no,-745,yes,no,unknown,13,may,227,1,-1,0,unknown
41,technician,married,secondary,no,1946,no,no,cellular,28,aug,327,9,-1,0,unknown
57,technician,married,secondary,no,437,yes,no,unknown,19,may,44,4,-1,0,unknown
31,management,single,tertiary,no,69,no,no,cellular,11,aug,257,2,-1,0,unknown
32,management,married,tertiary,no,1667,yes,no,unknown,23,may,345,3,-1,0,unknown
45,blue-collar,divorced,secondary,no,1269,yes,no,cellular,29,jan,549,2,-1,0,unknown
33,management,married,tertiary,no,455,yes,yes,unknown,29,may,122,10,-1,0,unknown
33,services,divorced,secondary,no,392,yes,yes,unknown,7,may,254,1,-1,0,unknown
58,retired,married,secondary,no,-205,yes,no,unknown,23,may,253,2,-1,0,unknown
40,blue-collar,married,secondary,no,188,yes,yes,unknown,20,jun,570,2,-1,0,unknown
47,blue-collar,married,primary,no,570,no,no,cellular,12,aug,864,3,-1,0,unknown
73,retired,married,tertiary,no,2575,no,no,cellular,17,aug,152,1,-1,0,unknown
36,entrepreneur,married,tertiary,no,9405,no,no,unknown,18,jun,297,3,-1,0,unknown
40,technician,married,secondary,no,1819,no,no,cellular,5,jun,398,2,-1,0,unknown
30,services,married,secondary,no,517,no,no,cellular,11,dec,141,2,-1,0,unknown
39,technician,single,tertiary,no,1043,no,no,cellular,18,aug,195,10,-1,0,unknown
45,management,married,tertiary,no,726,yes,yes,cellular,18,jul,199,1,-1,0,unknown
44,management,married,tertiary,no,2400,yes,no,unknown,15,may,74,1,-1,0,unknown
59,entrepreneur,married,secondary,no,2429,no,yes,cellular,18,nov,79,2,182,7,failure
54,management,married,tertiary,no,3795,yes,yes,cellular,21,jul,381,1,-1,0,unknown
26,services,married,secondary,no,311,yes,no,unknown,28,may,373,1,-1,0,unknown
31,blue-collar,married,secondary,no,283,yes,yes,unknown,29,may,37,3,-1,0,unknown
31,blue-collar,married,primary,no,263,yes,no,cellular,18,may,75,4,-1,0,unknown
48,admin.,divorced,secondary,no,162,yes,no,cellular,12,may,83,1,368,4,failure
33,technician,single,tertiary,no,3773,no,no,cellular,26,aug,124,4,-1,0,unknown
39,blue-collar,divorced,secondary,no,36,yes,no,unknown,12,may,109,2,-1,0,unknown
43,technician,married,secondary,no,186,yes,no,cellular,19,nov,137,1,-1,0,unknown
58,management,single,unknown,no,1873,no,no,unknown,6,jun,49,2,-1,0,unknown
43,management,married,tertiary,no,1791,no,no,cellular,5,aug,254,1,-1,0,unknown
31,technician,single,secondary,no,201,no,no,cellular,28,aug,100,9,-1,0,unknown
57,retired,married,tertiary,no,1292,no,no,cellular,24,mar,89,1,-1,0,unknown
55,management,married,tertiary,no,134,no,no,cellular,12,aug,1650,16,-1,0,unknown
38,entrepreneur,married,tertiary,no,1110,yes,no,cellular,20,nov,888,2,183,2,failure
31,blue-collar,married,primary,no,63,yes,no,cellular,12,may,256,1,-1,0,unknown
37,services,married,secondary,no,3,yes,no,cellular,12,jun,105,4,318,6,failure
34,services,married,secondary,no,196,no,no,cellular,6,feb,59,3,-1,0,unknown
31,admin.,divorced,secondary,no,824,yes,no,unknown,2,jul,32,3,-1,0,unknown
34,blue-collar,married,primary,no,3,yes,no,cellular,13,may,369,2,-1,0,unknown
37,management,married,tertiary,no,-76,yes,no,cellular,28,jan,230,1,204,1,other
53,technician,married,secondary,no,1357,yes,no,cellular,20,aug,123,2,-1,0,unknown
58,blue-collar,married,primary,no,781,yes,no,cellular,15,may,74,2,-1,0,unknown
49,management,married,tertiary,no,96,no,no,cellular,7,jul,51,2,-1,0,unknown
39,technician,single,secondary,no,935,no,no,cellular,4,feb,78,2,-1,0,unknown
56,housemaid,divorced,primary,yes,1238,no,no,unknown,5,jun,1558,1,-1,0,unknown
40,technician,married,secondary,no,-282,yes,no,unknown,6,jun,223,3,-1,0,unknown
42,services,married,secondary,no,-437,yes,yes,unknown,27,may,318,1,-1,0,unknown
27,management,single,secondary,no,0,yes,yes,cellular,28,jul,125,2,-1,0,unknown
45,blue-collar,married,secondary,no,746,yes,no,cellular,11,may,261,1,-1,0,unknown
22,technician,single,secondary,no,333,no,yes,telephone,12,nov,129,1,-1,0,unknown
21,student,single,secondary,no,6844,no,no,cellular,14,aug,126,3,127,7,other
36,technician,married,primary,no,0,no,no,unknown,4,jul,584,1,-1,0,unknown
31,management,single,secondary,no,99,yes,yes,cellular,18,nov,125,1,-1,0,unknown
74,retired,married,secondary,no,921,no,no,telephone,17,apr,394,2,-1,0,unknown
36,blue-collar,divorced,primary,yes,0,yes,no,cellular,11,may,97,2,305,1,failure
34,admin.,married,secondary,no,2984,yes,no,cellular,20,apr,11,3,-1,0,unknown
46,blue-collar,married,secondary,no,-216,yes,no,cellular,28,jul,404,3,-1,0,unknown
62,management,married,secondary,no,1128,no,no,cellular,2,sep,236,1,290,3,other
50,management,married,tertiary,no,5108,yes,no,cellular,5,apr,874,2,108,3,success
41,management,married,tertiary,no,36,no,no,cellular,19,nov,388,3,-1,0,unknown
31,management,single,tertiary,no,12857,yes,no,cellular,6,feb,158,1,92,1,success
56,blue-collar,divorced,primary,no,190,yes,no,cellular,12,may,15,8,351,9,other
34,admin.,married,primary,no,239,yes,no,unknown,2,jun,107,2,-1,0,unknown
36,management,divorced,tertiary,no,668,yes,no,cellular,5,may,623,1,-1,0,unknown
29,admin.,married,secondary,no,943,yes,no,unknown,4,jun,355,1,-1,0,unknown
38,technician,single,secondary,no,367,no,no,cellular,20,aug,128,2,-1,0,unknown
42,blue-collar,married,secondary,no,108,yes,no,telephone,31,jul,51,21,-1,0,unknown
59,unknown,married,primary,no,1470,no,no,unknown,5,jun,74,1,-1,0,unknown
35,services,married,secondary,no,0,yes,no,cellular,24,jul,810,1,-1,0,unknown
31,technician,single,secondary,no,0,no,no,cellular,28,aug,18,15,-1,0,unknown
30,services,single,secondary,no,-97,yes,no,unknown,4,jun,126,2,-1,0,unknown
32,self-employed,divorced,primary,no,0,yes,no,cellular,17,apr,232,2,-1,0,unknown
46,services,married,secondary,no,1381,yes,no,cellular,22,may,115,3,379,1,failure
33,technician,married,tertiary,no,8408,no,no,cellular,11,aug,121,2,-1,0,unknown
45,entrepreneur,divorced,tertiary,no,0,yes,no,unknown,13,may,170,1,-1,0,unknown
48,admin.,married,secondary,no,368,no,no,cellular,8,oct,363,2,140,7,success
48,technician,married,secondary,no,466,no,no,cellular,19,aug,99,7,-1,0,unknown
26,unemployed,single,secondary,no,387,no,no,cellular,6,feb,506,1,-1,0,unknown
51,management,married,unknown,no,914,yes,no,cellular,5,may,176,2,341,3,failure
58,management,married,tertiary,no,1313,no,no,telephone,24,aug,420,4,-1,0,unknown
32,services,single,secondary,no,1940,yes,no,unknown,23,may,215,2,-1,0,unknown
46,management,married,tertiary,no,4301,yes,yes,cellular,18,nov,50,1,183,2,failure
25,admin.,married,secondary,no,16,yes,no,unknown,16,may,129,1,-1,0,unknown
38,management,married,secondary,no,0,yes,no,unknown,27,may,233,2,-1,0,unknown
46,entrepreneur,married,primary,no,829,no,yes,telephone,21,nov,81,7,-1,0,unknown
37,unemployed,married,tertiary,no,1851,no,no,cellular,30,apr,166,1,-1,0,unknown
33,admin.,married,secondary,no,1499,yes,no,unknown,21,may,144,2,-1,0,unknown
45,blue-collar,married,secondary,no,726,yes,no,cellular,31,jul,175,6,-1,0,unknown
28,admin.,married,secondary,no,254,no,yes,cellular,17,apr,333,3,-1,0,unknown
51,management,single,tertiary,no,0,yes,no,telephone,29,jan,121,1,244,2,failure
42,admin.,married,secondary,no,0,yes,no,cellular,8,jul,1011,1,-1,0,unknown
28,admin.,single,secondary,no,27,no,no,cellular,27,aug,294,1,-1,0,unknown
30,management,married,tertiary,no,4145,yes,yes,cellular,18,jul,302,1,-1,0,unknown
55,self-employed,married,secondary,no,2678,no,yes,cellular,18,aug,151,12,-1,0,unknown
34,management,single,tertiary,no,382,no,no,cellular,5,feb,148,1,94,1,failure
34,management,married,tertiary,no,303,yes,no,cellular,29,jan,50,1,195,2,failure
49,management,single,tertiary,no,151,yes,no,cellular,8,jul,97,3,-1,0,unknown
34,technician,single,secondary,no,341,no,yes,cellular,29,jan,136,1,262,3,failure
48,management,married,tertiary,no,1741,yes,yes,telephone,18,nov,40,1,-1,0,unknown
94,retired,divorced,secondary,no,1234,no,no,cellular,3,mar,212,1,-1,0,unknown
30,services,married,secondary,no,3929,yes,no,cellular,20,nov,593,1,-1,0,unknown
36,blue-collar,single,secondary,no,5396,yes,no,cellular,9,apr,490,2,-1,0,unknown
61,retired,married,tertiary,no,3140,yes,yes,cellular,6,aug,975,4,98,1,unknown
30,management,single,tertiary,no,464,no,no,cellular,28,jan,80,1,-1,0,unknown
57,management,married,tertiary,no,163,no,no,cellular,6,aug,83,3,-1,0,unknown
37,management,married,tertiary,no,49,no,yes,cellular,22,aug,132,1,-1,0,unknown
26,blue-collar,single,secondary,no,2007,no,no,cellular,13,oct,194,1,92,5,success
43,management,single,tertiary,no,379,yes,no,cellular,28,jan,74,1,-1,0,unknown
40,management,divorced,tertiary,no,37,yes,no,unknown,16,may,412,1,-1,0,unknown
41,blue-collar,married,primary,no,620,no,no,cellular,28,jan,314,1,-1,0,unknown
44,admin.,divorced,secondary,no,4353,yes,no,cellular,15,jul,90,1,-1,0,unknown
43,management,married,tertiary,no,244,no,no,cellular,14,aug,167,2,-1,0,unknown
32,blue-collar,single,secondary,no,301,yes,no,unknown,7,may,395,2,-1,0,unknown
36,admin.,married,tertiary,no,1145,yes,no,cellular,29,sep,75,1,239,2,failure
76,management,married,unknown,no,1780,yes,no,telephone,23,apr,413,3,-1,0,unknown
22,student,single,secondary,no,10971,no,no,cellular,28,jun,181,2,-1,0,unknown
35,admin.,single,secondary,no,0,yes,no,cellular,8,may,376,3,-1,0,unknown
35,services,divorced,secondary,no,-225,no,no,cellular,23,jul,183,1,-1,0,unknown
30,blue-collar,married,secondary,no,664,no,yes,telephone,14,may,57,1,-1,0,unknown
41,blue-collar,divorced,secondary,no,-224,yes,no,cellular,2,feb,108,2,-1,0,unknown
32,student,single,unknown,no,376,no,no,cellular,12,aug,192,1,91,5,failure
48,blue-collar,single,primary,no,185,yes,no,cellular,17,apr,193,1,-1,0,unknown
32,technician,single,tertiary,no,47,yes,no,cellular,3,feb,693,7,204,3,failure
35,blue-collar,single,secondary,no,41,yes,no,cellular,11,may,14,5,-1,0,unknown
32,technician,single,secondary,no,-398,no,yes,cellular,7,jul,387,2,-1,0,unknown
29,admin.,single,tertiary,no,514,no,no,cellular,2,feb,270,1,-1,0,unknown
41,blue-collar,single,primary,no,1649,yes,no,unknown,16,may,312,3,-1,0,unknown
36,services,single,secondary,yes,-455,no,no,unknown,27,may,124,1,-1,0,unknown
33,management,single,tertiary,no,935,no,no,cellular,9,feb,385,2,92,8,success
42,blue-collar,married,secondary,no,476,yes,no,unknown,13,may,93,1,-1,0,unknown
35,technician,divorced,secondary,no,303,yes,yes,unknown,26,may,454,3,-1,0,unknown
53,blue-collar,married,primary,no,256,yes,no,unknown,2,jun,202,1,-1,0,unknown
49,blue-collar,married,primary,no,11317,yes,no,unknown,14,may,208,1,-1,0,unknown
33,services,married,secondary,no,70,no,no,cellular,17,jul,378,7,-1,0,unknown
50,management,single,tertiary,no,592,no,no,cellular,8,aug,445,4,-1,0,unknown
35,services,single,secondary,no,5551,yes,no,cellular,20,nov,258,1,-1,0,unknown
37,self-employed,divorced,tertiary,no,160,yes,yes,unknown,6,jun,545,2,-1,0,unknown
37,admin.,single,secondary,no,1097,yes,no,cellular,21,nov,1555,2,-1,0,unknown
32,student,single,secondary,no,1102,no,no,telephone,8,oct,194,1,-1,0,unknown
55,unemployed,married,secondary,no,1436,yes,no,cellular,4,feb,969,2,-1,0,unknown
35,management,single,tertiary,no,2808,yes,no,unknown,19,jun,221,12,-1,0,unknown
47,admin.,married,secondary,no,84,no,no,telephone,29,aug,367,3,-1,0,unknown
28,management,single,tertiary,no,6791,no,no,telephone,9,aug,361,1,46,35,failure
38,blue-collar,single,tertiary,no,18,no,no,unknown,17,jun,605,5,-1,0,unknown
34,blue-collar,divorced,secondary,no,2551,yes,yes,cellular,22,jul,1408,2,-1,0,unknown
35,services,single,secondary,no,544,yes,no,cellular,7,may,91,1,345,2,failure
28,admin.,married,secondary,no,-156,yes,no,unknown,6,jun,161,5,-1,0,unknown
32,management,single,tertiary,no,14,no,yes,cellular,21,jul,53,1,-1,0,unknown
58,housemaid,married,primary,no,935,yes,no,unknown,6,jun,272,2,-1,0,unknown
44,technician,married,secondary,no,1127,yes,no,cellular,19,aug,82,8,-1,0,unknown
33,management,married,tertiary,no,307,no,no,unknown,16,may,806,4,-1,0,unknown
28,technician,divorced,secondary,no,477,yes,yes,cellular,10,jul,93,1,-1,0,unknown
27,services,single,secondary,no,5850,yes,no,cellular,31,jul,164,3,-1,0,unknown
32,blue-collar,married,secondary,no,419,yes,no,cellular,20,apr,122,3,325,2,failure
33,self-employed,married,primary,no,0,no,no,cellular,6,aug,139,8,-1,0,unknown
23,technician,single,secondary,no,4545,no,no,cellular,25,sep,242,1,114,1,failure
36,management,divorced,tertiary,no,210,yes,no,cellular,17,jul,182,2,-1,0,unknown
47,technician,divorced,tertiary,no,405,yes,no,cellular,30,jan,236,1,260,1,failure
55,technician,married,secondary,no,0,yes,yes,cellular,27,oct,88,1,-1,0,unknown
75,retired,divorced,primary,no,852,no,no,cellular,16,sep,228,1,185,1,failure
39,blue-collar,married,primary,no,317,yes,no,unknown,13,may,326,3,-1,0,unknown
43,blue-collar,married,secondary,yes,-504,yes,no,unknown,28,may,136,1,-1,0,unknown
41,management,married,secondary,no,611,yes,no,cellular,6,feb,38,1,212,1,other
34,technician,single,tertiary,no,925,yes,no,cellular,13,apr,709,1,-1,0,unknown
36,blue-collar,married,secondary,no,-173,yes,no,cellular,18,may,197,3,-1,0,unknown
38,services,single,tertiary,no,323,yes,no,unknown,19,may,138,1,-1,0,unknown
40,housemaid,married,primary,no,118,yes,no,cellular,5,feb,162,2,-1,0,unknown
52,management,married,tertiary,no,3737,yes,no,unknown,19,jun,574,4,-1,0,unknown
48,technician,married,secondary,no,164,no,no,cellular,27,aug,76,4,-1,0,unknown
44,management,single,tertiary,no,1090,no,no,cellular,19,jul,204,4,532,2,other
36,blue-collar,married,secondary,no,199,yes,no,cellular,9,jul,183,1,-1,0,unknown
37,self-employed,married,tertiary,no,552,no,no,cellular,28,aug,379,1,-1,0,unknown
33,admin.,single,tertiary,no,867,yes,no,cellular,14,apr,247,1,-1,0,unknown
48,management,married,secondary,no,2294,yes,no,unknown,26,may,251,11,-1,0,unknown
33,technician,single,secondary,no,-242,yes,no,cellular,15,may,49,3,-1,0,unknown
33,blue-collar,married,secondary,no,5,yes,no,unknown,26,may,175,2,-1,0,unknown
57,blue-collar,married,unknown,no,2449,no,no,cellular,13,aug,142,2,-1,0,unknown
52,management,single,tertiary,no,2290,no,no,cellular,30,apr,195,2,268,2,other
37,management,married,tertiary,no,1393,no,yes,unknown,11,jun,129,3,-1,0,unknown
31,blue-collar,married,secondary,no,298,yes,no,unknown,28,may,154,3,-1,0,unknown
25,admin.,single,secondary,no,285,no,no,cellular,3,jul,658,3,-1,0,unknown
53,technician,married,secondary,no,0,no,no,cellular,22,aug,77,9,-1,0,unknown
54,retired,divorced,secondary,no,451,no,yes,cellular,18,may,42,4,280,5,failure
51,technician,married,primary,no,223,yes,no,unknown,5,jun,131,3,-1,0,unknown
28,services,single,secondary,no,126,no,no,cellular,7,jul,321,1,-1,0,unknown
44,technician,married,secondary,no,0,no,no,unknown,2,jun,302,1,-1,0,unknown
48,technician,married,tertiary,no,-251,no,no,cellular,16,apr,35,1,-1,0,unknown
34,management,married,tertiary,no,443,no,no,cellular,18,jun,235,3,-1,0,unknown
36,self-employed,married,secondary,no,188,yes,yes,cellular,4,may,1046,3,333,2,success
59,retired,married,secondary,no,25947,no,no,cellular,13,aug,292,2,-1,0,unknown
54,technician,married,secondary,no,0,no,no,cellular,6,nov,464,5,192,8,other
31,admin.,single,secondary,no,190,no,no,cellular,30,apr,514,1,-1,0,unknown
35,blue-collar,married,unknown,no,245,yes,no,cellular,11,may,134,2,370,1,failure
41,unemployed,single,tertiary,no,7968,no,no,cellular,2,sep,404,1,184,4,success
39,admin.,married,secondary,no,1101,yes,no,cellular,6,may,128,3,-1,0,unknown
36,self-employed,single,tertiary,no,1923,no,no,unknown,19,jun,219,1,-1,0,unknown
51,housemaid,married,primary,no,30,yes,no,cellular,14,jul,333,2,-1,0,unknown
33,blue-collar,single,secondary,no,185,yes,no,cellular,13,may,298,1,-1,0,unknown
31,management,single,tertiary,no,3283,no,no,cellular,21,nov,377,1,-1,0,unknown
35,technician,single,secondary,no,1693,yes,no,cellular,26,may,58,1,105,1,success
53,admin.,married,secondary,no,7598,yes,no,unknown,23,may,27,7,-1,0,unknown
44,management,married,secondary,no,4425,no,no,cellular,30,jul,477,2,-1,0,unknown
36,services,divorced,secondary,no,127,no,no,cellular,18,aug,172,3,-1,0,unknown
34,blue-collar,married,secondary,no,243,yes,no,cellular,18,may,507,1,-1,0,unknown
49,entrepreneur,married,secondary,no,27,no,no,unknown,17,jun,131,6,-1,0,unknown
44,unemployed,married,unknown,no,1309,no,no,telephone,30,jan,262,2,-1,0,unknown
34,blue-collar,married,secondary,no,2994,yes,no,cellular,15,may,358,1,176,1,failure
54,housemaid,divorced,primary,no,2253,yes,no,cellular,5,feb,266,1,196,1,failure
44,services,married,secondary,no,-395,yes,no,cellular,5,may,894,1,-1,0,unknown
40,entrepreneur,married,tertiary,no,-164,no,no,cellular,7,may,87,1,-1,0,unknown
39,admin.,married,secondary,no,217,yes,no,unknown,4,jun,341,4,-1,0,unknown
54,blue-collar,married,secondary,no,3002,no,no,cellular,13,aug,110,4,-1,0,unknown
32,admin.,married,secondary,no,337,no,no,cellular,15,may,51,3,368,1,failure
33,management,single,tertiary,no,318,yes,no,cellular,8,apr,1190,1,141,3,other
26,admin.,single,secondary,no,443,no,no,cellular,30,jul,84,3,-1,0,unknown
40,technician,married,secondary,no,95,no,no,cellular,13,aug,156,4,-1,0,unknown
37,blue-collar,married,unknown,no,444,no,no,cellular,1,oct,143,1,94,9,other
53,blue-collar,married,primary,no,1090,yes,no,cellular,9,apr,207,1,-1,0,unknown
61,retired,divorced,secondary,no,4243,no,no,cellular,30,apr,315,1,182,2,success
36,management,single,secondary,no,1898,yes,no,cellular,22,aug,243,4,-1,0,unknown
40,admin.,married,tertiary,no,1108,no,no,cellular,26,jan,228,1,92,5,failure
48,management,married,tertiary,no,4006,no,no,cellular,25,jul,51,4,-1,0,unknown
51,blue-collar,divorced,primary,no,-380,yes,no,unknown,26,may,181,1,-1,0,unknown
44,technician,married,secondary,no,-153,no,yes,unknown,26,jun,197,1,-1,0,unknown
28,blue-collar,married,secondary,no,0,yes,no,cellular,15,may,6,4,-1,0,unknown
46,management,married,tertiary,no,2671,no,no,cellular,13,nov,180,3,91,4,success
51,management,married,tertiary,no,0,yes,no,cellular,23,jul,58,2,-1,0,unknown
31,admin.,divorced,secondary,no,-186,yes,no,cellular,20,apr,21,5,-1,0,unknown
37,admin.,single,tertiary,no,3954,yes,no,cellular,12,aug,87,1,117,2,failure
39,technician,married,secondary,no,4741,yes,no,cellular,13,may,166,1,338,10,failure
29,admin.,single,secondary,no,891,yes,no,cellular,14,may,172,2,352,1,failure
56,blue-collar,married,primary,no,0,yes,no,cellular,16,jul,1222,1,-1,0,unknown
33,management,single,tertiary,no,923,yes,no,cellular,19,nov,1307,3,173,6,failure
43,blue-collar,married,secondary,no,3,yes,no,telephone,13,may,26,1,174,2,failure
31,blue-collar,single,secondary,no,23,no,no,cellular,21,nov,116,1,-1,0,unknown
32,management,single,tertiary,no,509,no,yes,cellular,19,nov,208,2,-1,0,unknown
41,management,divorced,tertiary,no,3426,no,no,cellular,4,jun,102,2,297,3,failure
58,retired,married,secondary,no,1172,no,no,cellular,31,jul,86,1,-1,0,unknown
58,admin.,married,primary,no,879,yes,no,unknown,16,may,242,7,-1,0,unknown
37,admin.,married,secondary,no,306,no,no,unknown,16,jun,73,1,-1,0,unknown
31,technician,single,tertiary,no,208,no,no,cellular,12,aug,1344,7,-1,0,unknown
53,technician,divorced,secondary,yes,-63,no,yes,cellular,4,aug,531,1,-1,0,unknown
24,blue-collar,single,primary,no,758,yes,no,unknown,15,may,129,1,-1,0,unknown
34,admin.,divorced,secondary,no,2144,yes,no,unknown,23,may,157,1,-1,0,unknown
35,management,married,tertiary,no,5367,no,no,cellular,2,jun,80,1,92,1,failure
25,services,married,secondary,no,-97,yes,no,cellular,6,may,143,1,-1,0,unknown
59,retired,married,primary,no,1115,no,no,unknown,19,jun,834,1,-1,0,unknown
57,admin.,married,secondary,no,5888,no,yes,unknown,11,jun,288,3,-1,0,unknown
28,blue-collar,married,primary,no,278,yes,yes,telephone,15,may,31,9,373,4,other
76,retired,married,secondary,no,2302,no,no,telephone,5,feb,110,1,87,2,failure
26,admin.,single,secondary,no,1200,no,no,cellular,29,jan,232,3,-1,0,unknown
53,retired,divorced,secondary,no,84,no,no,cellular,23,jul,336,1,-1,0,unknown
37,admin.,married,secondary,no,766,yes,no,unknown,14,may,123,1,-1,0,unknown
38,blue-collar,married,primary,no,433,no,no,cellular,7,jul,116,3,-1,0,unknown
58,retired,married,tertiary,no,2577,yes,yes,unknown,15,may,290,3,-1,0,unknown
38,admin.,married,secondary,no,-728,yes,no,cellular,11,jul,333,1,-1,0,unknown
40,entrepreneur,married,secondary,no,285,no,no,cellular,18,may,261,1,178,1,failure
56,services,married,primary,no,219,yes,no,unknown,7,may,130,4,-1,0,unknown
33,blue-collar,married,secondary,no,540,no,yes,cellular,13,may,88,2,-1,0,unknown
53,entrepreneur,married,tertiary,no,1129,no,yes,cellular,28,jul,241,8,-1,0,unknown
38,admin.,married,secondary,no,1933,yes,no,cellular,16,apr,622,1,-1,0,unknown
46,management,married,tertiary,no,125,yes,no,telephone,12,may,81,5,-1,0,unknown
51,retired,divorced,primary,no,43,no,no,cellular,24,jul,212,2,-1,0,unknown
46,management,married,tertiary,no,349,no,no,cellular,14,may,466,4,88,3,success
31,management,married,tertiary,no,302,yes,yes,cellular,4,feb,181,1,257,1,failure
44,admin.,divorced,secondary,no,161,yes,no,unknown,7,may,89,2,-1,0,unknown
48,technician,married,secondary,no,427,no,no,cellular,18,aug,202,14,-1,0,unknown
34,technician,married,secondary,no,393,yes,no,cellular,15,may,314,2,177,6,other
49,admin.,married,secondary,no,1697,yes,no,cellular,19,nov,236,1,-1,0,unknown
42,services,married,secondary,no,1376,yes,no,cellular,2,mar,712,4,-1,0,unknown
39,technician,married,secondary,no,1,yes,no,unknown,26,may,506,2,-1,0,unknown
50,technician,divorced,secondary,no,-701,yes,yes,cellular,24,jul,148,1,-1,0,unknown
42,admin.,married,secondary,no,445,yes,no,unknown,5,may,67,1,-1,0,unknown
32,self-employed,married,tertiary,no,210,yes,no,cellular,19,nov,268,1,-1,0,unknown
33,technician,divorced,secondary,no,855,yes,no,cellular,15,may,124,3,-1,0,unknown
36,management,married,tertiary,no,7,yes,no,cellular,17,nov,501,2,-1,0,unknown
48,blue-collar,divorced,primary,no,-110,yes,no,cellular,12,may,942,1,-1,0,unknown
59,retired,single,secondary,no,2303,no,yes,telephone,30,jul,128,2,-1,0,unknown
36,technician,married,secondary,no,154,yes,no,cellular,18,nov,231,1,96,2,other
51,services,married,secondary,no,209,no,no,unknown,12,jun,93,1,-1,0,unknown
45,self-employed,married,secondary,no,-124,no,no,cellular,25,aug,343,4,-1,0,unknown
42,blue-collar,married,unknown,no,1260,yes,no,unknown,14,may,79,3,-1,0,unknown
32,management,married,tertiary,no,312,no,no,cellular,11,aug,67,4,-1,0,unknown
41,blue-collar,married,secondary,no,433,yes,no,cellular,16,apr,75,1,-1,0,unknown
53,retired,married,primary,no,232,yes,yes,unknown,17,jun,203,2,-1,0,unknown
30,blue-collar,married,secondary,no,0,no,no,unknown,19,may,159,3,-1,0,unknown
35,management,married,tertiary,no,1510,yes,no,unknown,9,may,61,1,-1,0,unknown
28,blue-collar,single,secondary,no,53,yes,no,cellular,13,may,93,1,-1,0,unknown
33,services,married,secondary,no,-124,no,no,cellular,17,apr,150,2,325,1,failure
35,management,single,tertiary,no,747,no,no,cellular,4,aug,91,1,1,6,other
34,management,married,tertiary,no,5973,yes,no,cellular,13,jul,326,3,-1,0,unknown
48,blue-collar,married,primary,no,1876,yes,no,unknown,20,jun,11,3,-1,0,unknown
49,blue-collar,married,secondary,no,0,yes,no,telephone,11,may,52,1,-1,0,unknown
39,blue-collar,married,primary,no,398,yes,no,cellular,12,may,256,1,-1,0,unknown
34,management,married,tertiary,no,349,yes,yes,cellular,29,jan,133,2,185,3,failure
35,services,married,secondary,no,-50,no,no,cellular,2,feb,71,1,-1,0,unknown
63,management,married,tertiary,no,0,no,no,cellular,12,oct,130,2,182,6,failure
28,blue-collar,married,secondary,no,0,yes,no,unknown,27,may,548,1,-1,0,unknown
31,technician,single,unknown,no,694,yes,no,unknown,6,jun,431,2,-1,0,unknown
51,unknown,married,secondary,no,0,no,no,cellular,13,aug,88,2,-1,0,unknown
42,services,single,secondary,yes,58,no,no,cellular,3,feb,428,1,-1,0,unknown
29,blue-collar,married,secondary,no,424,yes,yes,unknown,14,may,241,2,-1,0,unknown
40,blue-collar,married,secondary,no,0,yes,no,unknown,6,may,225,1,-1,0,unknown
31,housemaid,single,secondary,no,49,yes,no,cellular,8,may,187,3,360,2,failure
39,technician,married,secondary,no,504,yes,no,unknown,12,may,495,1,-1,0,unknown
34,entrepreneur,married,secondary,no,3119,yes,no,cellular,20,nov,505,1,183,4,failure
46,blue-collar,married,secondary,no,398,yes,yes,cellular,6,aug,128,2,-1,0,unknown
50,blue-collar,married,secondary,no,19,no,no,cellular,17,jul,209,4,-1,0,unknown
37,housemaid,married,primary,no,309,no,no,cellular,27,aug,11,15,-1,0,unknown
38,technician,married,secondary,no,1409,yes,no,unknown,20,jun,9,14,-1,0,unknown
34,management,single,tertiary,no,417,yes,no,cellular,16,sep,99,2,135,3,failure
36,admin.,married,tertiary,no,828,yes,no,unknown,29,may,116,1,-1,0,unknown
46,blue-collar,married,secondary,no,6253,yes,no,cellular,9,jul,411,1,-1,0,unknown
28,blue-collar,married,secondary,no,196,yes,no,unknown,26,jun,176,7,-1,0,unknown
41,management,divorced,tertiary,no,1576,yes,no,unknown,13,may,232,2,-1,0,unknown
49,management,single,tertiary,no,580,no,no,unknown,19,may,310,2,-1,0,unknown
34,technician,divorced,secondary,no,27,yes,no,unknown,26,may,133,3,-1,0,unknown
34,management,single,tertiary,no,1171,yes,no,cellular,10,jul,129,1,-1,0,unknown
36,blue-collar,married,secondary,no,429,yes,no,unknown,30,may,140,2,-1,0,unknown
43,management,married,tertiary,no,0,no,no,telephone,17,oct,147,1,-1,0,unknown
44,entrepreneur,married,tertiary,no,0,yes,no,unknown,9,jul,300,1,-1,0,unknown
33,services,married,secondary,no,334,yes,no,unknown,3,jun,23,1,-1,0,unknown
38,technician,married,secondary,no,1696,no,no,cellular,20,nov,267,2,-1,0,unknown
41,technician,divorced,secondary,no,988,no,no,cellular,21,aug,429,2,-1,0,unknown
35,management,single,tertiary,no,837,no,no,cellular,4,aug,329,1,-1,0,unknown
34,blue-collar,married,secondary,no,6411,yes,yes,unknown,9,may,226,2,-1,0,unknown
32,management,divorced,tertiary,no,222,no,yes,cellular,15,jul,820,4,-1,0,unknown
41,management,married,tertiary,yes,852,yes,yes,cellular,27,aug,157,10,-1,0,unknown
36,management,married,tertiary,no,255,no,no,cellular,22,may,970,2,92,2,other
26,technician,single,secondary,no,3382,no,no,cellular,24,jul,844,5,-1,0,unknown
32,services,single,secondary,no,38,yes,no,unknown,27,may,66,1,-1,0,unknown
33,management,single,tertiary,no,729,yes,yes,unknown,18,jun,178,5,-1,0,unknown
37,management,married,secondary,no,80,no,no,cellular,27,aug,155,3,-1,0,unknown
32,technician,single,tertiary,no,6284,no,no,cellular,14,aug,167,8,-1,0,unknown
77,retired,married,primary,no,1385,no,no,telephone,8,sep,160,4,-1,0,unknown
49,admin.,married,secondary,no,10250,yes,no,telephone,24,oct,97,1,-1,0,unknown
39,management,married,tertiary,no,1209,no,no,cellular,20,nov,60,1,-1,0,unknown
39,technician,divorced,secondary,no,411,yes,no,cellular,7,may,17,2,-1,0,unknown
57,self-employed,single,primary,no,6056,yes,no,cellular,21,nov,18,5,-1,0,unknown
41,management,single,tertiary,no,-24,yes,no,cellular,2,feb,437,1,-1,0,unknown
41,technician,married,secondary,no,2125,yes,yes,cellular,21,nov,285,3,116,4,failure
44,blue-collar,married,secondary,no,878,yes,no,cellular,2,jun,130,1,-1,0,unknown
37,blue-collar,married,primary,no,152,yes,no,cellular,17,apr,252,2,-1,0,unknown
61,admin.,married,secondary,no,4608,no,no,cellular,12,mar,212,1,-1,0,unknown
50,housemaid,married,primary,no,3056,no,no,unknown,9,jun,95,3,-1,0,unknown
37,admin.,married,tertiary,no,23,yes,no,telephone,28,may,71,1,90,1,other
50,management,married,tertiary,no,451,yes,no,cellular,14,may,441,3,-1,0,unknown
32,management,single,tertiary,no,0,no,no,cellular,29,aug,255,2,-1,0,unknown
32,technician,single,secondary,no,-569,yes,no,cellular,6,may,107,1,-1,0,unknown
55,technician,married,secondary,no,511,yes,no,cellular,1,jun,108,1,94,2,other
29,services,divorced,secondary,no,1336,yes,no,unknown,28,may,298,5,-1,0,unknown
28,blue-collar,single,tertiary,no,1984,yes,no,cellular,4,may,32,2,14,1,failure
60,retired,divorced,secondary,no,1382,no,no,cellular,30,jul,112,10,-1,0,unknown
47,blue-collar,married,primary,no,17,no,no,cellular,8,aug,121,2,-1,0,unknown
35,entrepreneur,single,tertiary,no,1295,yes,no,cellular,17,apr,952,2,73,1,failure
29,blue-collar,single,secondary,yes,-580,yes,no,unknown,23,jun,123,2,-1,0,unknown
34,services,divorced,secondary,no,107,no,yes,cellular,18,nov,110,2,-1,0,unknown
31,services,married,secondary,no,0,no,yes,unknown,9,may,81,6,-1,0,unknown
74,retired,divorced,secondary,no,4079,no,no,cellular,19,oct,343,3,-1,0,unknown
35,unemployed,married,secondary,no,547,yes,no,cellular,6,feb,527,2,-1,0,unknown
27,student,single,secondary,no,213,no,no,cellular,27,mar,378,1,-1,0,unknown
52,blue-collar,married,primary,no,142,no,no,telephone,10,jul,924,5,-1,0,unknown
30,technician,single,secondary,no,0,no,no,cellular,22,aug,79,5,-1,0,unknown
35,housemaid,married,tertiary,no,11219,no,no,cellular,23,feb,135,1,195,3,failure
27,student,single,secondary,no,1625,no,no,cellular,2,feb,180,5,-1,0,unknown
36,admin.,single,secondary,no,587,yes,no,cellular,13,apr,239,3,-1,0,unknown
40,self-employed,single,tertiary,no,1616,no,no,telephone,28,jul,1009,7,-1,0,unknown
59,admin.,married,secondary,no,1675,no,yes,cellular,7,aug,113,2,-1,0,unknown
57,unemployed,married,secondary,no,2299,no,no,cellular,12,nov,39,3,-1,0,unknown
30,technician,married,tertiary,no,526,yes,yes,unknown,26,jun,677,3,-1,0,unknown
54,blue-collar,divorced,primary,no,0,yes,no,cellular,21,nov,219,2,-1,0,unknown
54,housemaid,married,primary,no,284,no,no,telephone,13,aug,127,4,-1,0,unknown
29,services,married,secondary,no,68,no,no,unknown,20,may,119,3,-1,0,unknown
52,entrepreneur,single,tertiary,no,3469,yes,no,cellular,16,apr,583,1,147,1,success
37,management,married,secondary,no,676,no,no,telephone,18,nov,217,2,-1,0,unknown
37,services,married,secondary,no,1970,yes,no,telephone,5,nov,253,1,-1,0,unknown
43,blue-collar,married,secondary,no,576,yes,yes,unknown,13,may,148,1,-1,0,unknown
41,housemaid,married,primary,no,1332,no,no,telephone,2,feb,122,3,-1,0,unknown
36,management,single,tertiary,no,808,no,no,unknown,21,may,52,1,-1,0,unknown
45,management,divorced,secondary,no,644,yes,no,unknown,4,jun,633,1,-1,0,unknown
39,services,married,secondary,no,53,no,no,unknown,5,mar,257,1,394,1,failure
30,admin.,married,tertiary,no,400,yes,no,cellular,7,may,223,1,-1,0,unknown
31,admin.,married,tertiary,no,1144,yes,yes,cellular,17,nov,89,1,-1,0,unknown
26,technician,divorced,secondary,no,21,yes,no,unknown,27,may,133,1,-1,0,unknown
31,management,married,secondary,no,0,no,no,cellular,11,aug,720,1,-1,0,unknown
35,management,divorced,tertiary,no,649,no,no,cellular,16,apr,177,1,-1,0,unknown
44,management,married,tertiary,no,4460,no,no,telephone,31,jul,168,2,-1,0,unknown
26,blue-collar,single,secondary,no,49,no,no,cellular,21,jul,489,3,-1,0,unknown
44,technician,married,tertiary,no,1818,yes,yes,cellular,3,nov,88,2,83,2,failure
57,management,married,primary,no,687,yes,yes,telephone,21,jul,107,3,-1,0,unknown
45,technician,divorced,secondary,no,441,yes,no,cellular,2,feb,535,1,-1,0,unknown
55,technician,married,unknown,no,1393,yes,yes,telephone,21,nov,55,5,-1,0,unknown
44,blue-collar,married,primary,no,228,yes,no,cellular,17,apr,273,1,343,1,other
46,technician,divorced,tertiary,no,7318,no,no,unknown,20,jun,11,5,-1,0,unknown
29,services,single,secondary,no,229,yes,no,cellular,17,apr,273,2,343,1,failure
46,management,married,tertiary,no,213,no,no,telephone,27,apr,151,3,-1,0,unknown
31,unemployed,single,secondary,no,0,no,no,cellular,20,nov,324,5,-1,0,unknown
32,management,single,tertiary,no,311,no,no,unknown,12,may,757,2,-1,0,unknown
42,blue-collar,married,secondary,no,156,no,no,cellular,21,jul,455,4,-1,0,unknown
33,admin.,single,secondary,no,2554,yes,no,telephone,31,jul,77,15,-1,0,unknown
43,management,divorced,tertiary,no,-132,yes,yes,cellular,7,jul,532,2,-1,0,unknown
30,self-employed,single,tertiary,no,166,no,no,cellular,30,jul,151,4,-1,0,unknown
40,technician,married,secondary,no,0,yes,yes,cellular,26,jul,105,2,172,1,failure
35,self-employed,single,secondary,no,690,yes,no,cellular,17,nov,1012,1,-1,0,unknown
44,entrepreneur,single,unknown,no,323,no,no,cellular,28,jul,332,2,181,2,failure
38,blue-collar,single,unknown,no,10,yes,no,unknown,3,jun,266,10,-1,0,unknown
29,student,single,tertiary,no,5,no,no,cellular,15,jul,889,5,-1,0,unknown
53,admin.,married,secondary,no,1661,yes,yes,cellular,17,nov,85,1,-1,0,unknown
33,blue-collar,married,secondary,no,86,yes,no,unknown,19,may,364,1,-1,0,unknown
43,technician,divorced,secondary,no,365,yes,no,unknown,4,jun,406,2,-1,0,unknown
34,management,married,tertiary,no,986,yes,no,unknown,2,jun,105,11,-1,0,unknown
28,technician,single,unknown,no,0,yes,no,cellular,27,oct,96,1,267,1,failure
38,services,married,secondary,no,4582,yes,no,telephone,16,apr,193,1,314,4,other
29,admin.,married,secondary,no,1489,yes,no,cellular,20,apr,399,1,-1,0,unknown
40,blue-collar,married,primary,no,572,yes,yes,cellular,17,apr,171,1,318,1,failure
41,entrepreneur,married,primary,no,759,yes,no,unknown,4,jun,79,10,-1,0,unknown
49,blue-collar,married,primary,no,67,no,yes,cellular,13,aug,269,4,-1,0,unknown
46,admin.,divorced,secondary,no,660,yes,no,cellular,29,jan,1026,1,259,2,failure
24,blue-collar,single,secondary,no,0,yes,no,unknown,19,may,202,1,-1,0,unknown
23,services,single,secondary,no,342,yes,no,unknown,3,jun,152,6,-1,0,unknown
55,blue-collar,married,secondary,no,471,yes,no,unknown,30,may,58,2,-1,0,unknown
42,blue-collar,married,primary,no,142,yes,no,cellular,14,may,11,5,-1,0,unknown
41,services,married,secondary,no,428,no,no,cellular,31,jul,38,2,-1,0,unknown
46,management,single,tertiary,no,653,no,yes,cellular,21,nov,104,1,-1,0,unknown
50,management,married,tertiary,no,2366,no,no,cellular,28,jan,816,2,149,1,other
30,technician,married,secondary,no,455,yes,no,cellular,21,nov,758,1,-1,0,unknown
29,management,married,secondary,no,-559,yes,yes,unknown,21,may,485,1,-1,0,unknown
52,blue-collar,married,secondary,no,2206,yes,no,unknown,15,may,875,5,-1,0,unknown
35,management,married,tertiary,no,1078,yes,no,cellular,31,jul,48,4,-1,0,unknown
30,management,married,tertiary,no,562,no,no,cellular,21,aug,137,4,-1,0,unknown
52,admin.,married,secondary,no,70,yes,no,unknown,3,jun,68,2,-1,0,unknown
57,retired,married,unknown,no,230,no,no,cellular,6,apr,177,2,210,3,failure
51,blue-collar,married,secondary,no,575,no,yes,cellular,20,nov,168,1,-1,0,unknown
29,management,married,tertiary,no,318,yes,no,cellular,18,may,1434,2,356,4,failure
41,technician,married,tertiary,no,532,yes,no,cellular,20,apr,414,2,285,1,failure
27,blue-collar,single,primary,no,-579,yes,no,cellular,18,may,220,1,367,3,failure
48,technician,single,secondary,no,9131,yes,no,unknown,14,may,902,5,-1,0,unknown
47,blue-collar,married,secondary,no,1125,yes,no,cellular,29,jan,1101,1,-1,0,unknown
39,services,married,secondary,no,64,no,no,cellular,29,jul,100,3,-1,0,unknown
33,services,married,secondary,no,2368,no,no,unknown,13,sep,5,1,-1,0,unknown
33,technician,married,secondary,no,0,yes,no,cellular,9,feb,176,2,262,2,failure
29,technician,single,secondary,yes,-368,yes,no,cellular,5,may,151,1,-1,0,unknown
29,management,married,tertiary,no,482,no,no,cellular,22,apr,79,1,-1,0,unknown
31,services,single,secondary,no,374,no,no,telephone,28,jan,49,4,-1,0,unknown
31,blue-collar,married,secondary,no,2910,yes,no,unknown,23,may,1392,2,-1,0,unknown
42,management,married,tertiary,no,478,no,yes,cellular,8,jul,165,1,-1,0,unknown
22,student,single,secondary,no,216,no,no,cellular,6,aug,178,1,179,2,success
28,blue-collar,married,secondary,no,217,yes,no,unknown,3,jun,860,1,-1,0,unknown
43,self-employed,single,unknown,no,3173,no,no,unknown,15,may,746,1,-1,0,unknown
39,technician,divorced,secondary,no,1333,yes,yes,cellular,29,jan,585,2,246,1,failure
39,admin.,single,secondary,no,163,yes,no,cellular,30,jan,107,2,-1,0,unknown
36,technician,divorced,tertiary,no,1381,no,no,cellular,2,mar,149,1,-1,0,unknown
58,management,married,tertiary,no,7387,no,no,telephone,17,nov,85,1,-1,0,unknown
57,services,divorced,primary,no,1367,no,no,unknown,9,jun,144,3,-1,0,unknown
38,management,single,tertiary,no,0,yes,no,cellular,17,nov,213,2,-1,0,unknown
50,management,married,tertiary,no,536,no,no,unknown,20,jun,75,3,-1,0,unknown
54,blue-collar,married,primary,no,175,no,yes,cellular,8,jul,1027,1,-1,0,unknown
54,technician,divorced,secondary,no,1705,yes,no,unknown,15,may,367,2,-1,0,unknown
29,blue-collar,single,secondary,no,-61,no,no,cellular,17,jul,270,1,-1,0,unknown
50,blue-collar,divorced,secondary,no,571,yes,no,unknown,2,jun,88,4,-1,0,unknown
52,management,married,tertiary,no,732,no,no,telephone,4,feb,48,1,-1,0,unknown
32,blue-collar,single,secondary,no,6982,yes,no,cellular,20,nov,224,2,183,1,failure
30,blue-collar,single,secondary,no,144,yes,no,unknown,21,may,202,3,-1,0,unknown
45,management,married,tertiary,no,37378,yes,no,unknown,14,may,167,1,-1,0,unknown
25,blue-collar,married,primary,no,172,yes,no,unknown,29,may,95,3,-1,0,unknown
51,blue-collar,divorced,primary,no,602,yes,no,cellular,11,may,347,1,284,2,failure
32,self-employed,married,tertiary,no,102,no,no,cellular,22,aug,398,5,-1,0,unknown
27,management,single,tertiary,no,1137,yes,no,cellular,8,may,26,1,-1,0,unknown
59,housemaid,divorced,tertiary,no,0,no,no,cellular,20,apr,379,1,332,2,other
31,blue-collar,married,secondary,no,799,yes,no,cellular,21,jul,181,1,-1,0,unknown
51,blue-collar,married,primary,no,4497,yes,no,unknown,15,may,276,3,-1,0,unknown
31,blue-collar,married,secondary,no,1570,yes,yes,cellular,19,nov,133,2,180,1,other
34,management,married,tertiary,no,250,no,no,cellular,9,dec,787,1,188,8,other
